Code,Name,Description,Reference,Year,URL,License,Artifact type,Granularity,RE stage,Task,Domain,Size,Languages,Labels,Extends,Publications,,,,,,,,,,,,,,
D001,Acharya2024,"Bugzilla bug reports gathered from June 2015 through December 2023, annotated with priority and severity labels.","Acharya, J., & Ginde, G. (2024). Graph Neural Network vs. Large Language Model: A Comparative Analysis for Bug Report Priority and Severity Prediction [Data set]. Zenodo. https://doi.org/10.5281/zenodo.10892319",2024,https://zenodo.org/records/10892319,Creative Commons Attribution 4.0 International,Bug,Document,Verification & Validation,Classification,software,452257,en,"P1,P2,P3,P4,P5;Normal,S3,S4,Critical",-,P074,,,,,,,,,,,,,,
D002,AeroReqEval,QA pairs across tasks and formulas for understanding of aerospace software requirements.,"Yang, L., Luo, Y., Gao, H., Fan, Y., Zhang, J., Li, X., Dong, X., Gu, B., Jin, Z., & Yang, M. (2025). Evaluating large language models for requirements question answering in industrial aerospace software. In Proceedings of the 33rd ACM International Conference on the Foundations of Software Engineering (FSE Companion ’25) (pp. 366–377). Association for Computing Machinery. https://doi.org/10.1145/3696630.3728560",2025,https://anonymous.4open.science/r/AeroReqEval-19BD,None,QA,Pair,Analysis,Q&A,aerospace,6696,en,-,-,P009,,,,,,,,,,,,,,
D003,AutoFactory,Manufacturing requirements labelled with BIO tags to extract key components and support PLC code generation,"Boudribila, A., Tajer, A., & Boulghasoul, Z. (2025). AutoFactory dataset to support AI in manufacturing systems. Data in Brief, 62, 111938. https://doi.org/10.1016/j.dib.2025.111938",2025,https://huggingface.co/datasets/boudribila/AutoFactory,None,Requirements,Token,Specification,Classification,manufacturing,279830,en,"Actuator,Pre-actuator,Sensor,Defector,Other",-,P026,,,,,,,,,,,,,,
D004,AWARE,"App reviews annotated with aspect terms, categories, and sentiments","Nouf Alturaief, Hamoud Aljamaan, & Malak Baslyman. (2021). AWARE: Dataset for Aspect-Based Sentiment Analysis of Apps Reviews (1.0.0) [Data set]. 36th IEEE/ACM International Conference on Automated Software Engineering Workshops (ASEW). Zenodo. https://doi.org/10.5281/zenodo.5528481",2021,https://zenodo.org/records/5528481,Creative Commons Attribution 4.0 International,User reviews,Sentence,Verification & Validation,Classification,mobile,11482,en,-,-,P093,,,,,,,,,,,,,,
D005,Azeem2023,Data processing agreements (DPAs) sentences annotated with GDPR provisions (P1...P19),"Azeem, M.I., Abualhaija, S. A Multi-solution Study on GDPR AI-enabled Completeness Checking of DPAs. Empir Software Eng 29, 96 (2024). https://doi.org/10.1007/s10664-024-10491-3",2023,https://figshare.com/s/77338e558ffb6adf6f55,Creative Commons Attribution 4.0 International,Legal text,Sentence,Verification & Validation,Classification,legal,31185,en,"Provision 1, Provision 2, Provision 3, Provision 4, Provision 5, Provision 6, Provision 7, Provision 8, Provision 9, Provision 10, Provision 11, Provision 12, Provision 13, Provision 14, Provision 15, Provision 16, Provision 17, Provision 18, Provision 19",-,P075,,,,,,,,,,,,,,
D006,Bozygit2024,"Functional requirements from various software systems, such as educational, business, and hospitality settings.","Fatma Bozyigit, Tolgahan Bardakci, Alireza Khalilipour, Moharram Challenger, Guus Ramackers, Onder Babur, Michel R. V. Chaudron (2023). Dataset for: Text Requirements to Models. IEEE Dataport. https://dx.doi.org/10.21227/r9j6-nd62",2023,https://ieee-dataport.org/documents/dataset-text-requirements-models,None,Requirements,Document,Analysis,Extraction,"education,business,healthcare",120,en,-,D046,P065,,,,,,,,,,,,,,
D007,Bragilovski2024,User stories dataset from three collections from online repositories classified according to project-specific knowledge.,"Bragilovski, M., van Can, A. T., Dalpiaz, F., & Sturm, A. (2024). Material of the paper ""Deriving Domain Models from User stories: Human vs. Machines"" [Data set]. Zenodo. https://doi.org/10.5281/zenodo.12740518",2024,https://zenodo.org/records/12740518,Creative Commons Attribution 4.0 International,User stories,Document,Specification,Modelling,"services,software,education",487,en,-,-,"P013,P112",,,,,,,,,,,,,,
D008,Bugzilla_conflicts,"Post pairs from Bugzilla labeled as ""conflict"" or ""neutral"".","Malik, G., Cevik, M., & Başar, A. (2023). Data augmentation for conflict and duplicate detection in software engineering sentence pairs. In Proceedings of the 33rd Annual International Conference on Computer Science and Software Engineering (CASCON ’23) (pp. 34–43).",2023,https://gitfront.io/r/user-9946871/ii6eJFSh7oT4/DA-Sentence-Pairs/,None,Post,Pair,Management,Traceability,software,4090,en,"Neutral,Conflict",-,P005,,,,,,,,,,,,,,
D009,CCHIT,Cross-level requirements dataset for traceability tasks from the Certification Commission for Healthcare Information Technology healthcare project,"C. Ge, T. Wang, X. Yang and C. Treude, ""Cross-Level Requirements Tracing Based on Large Language Models,"" in IEEE Transactions on Software Engineering, vol. 51, no. 7, pp. 2044-2066, July 2025, doi: 10.1109/TSE.2025.3572094.",2025,https://github.com/Gechuyan/Cross-Level-Requirements-Tracing-Based-on-Large-Language-Model/blob/main/Cross-Level%20Requirements%20Tracing%20Based%20on%20Large%20Language%20Model/Data/Original_Data/CCHIT.csv,None,Requirements,Pair,Management,Traceability,healthcare,252,en,"Positive,Negative",-,"P049,P058,P116",,,,,,,,,,,,,,
D010,CM1,Cross-level requirements dataset for traceability tasks from the CM1 aerospace project,"C. Ge, T. Wang, X. Yang and C. Treude, ""Cross-Level Requirements Tracing Based on Large Language Models,"" in IEEE Transactions on Software Engineering, vol. 51, no. 7, pp. 2044-2066, July 2025, doi: 10.1109/TSE.2025.3572094.",2025,https://github.com/Gechuyan/Cross-Level-Requirements-Tracing-Based-on-Large-Language-Model/blob/main/Cross-Level%20Requirements%20Tracing%20Based%20on%20Large%20Language%20Model/Data/Original_Data/CM1Dataset.csv,None,Requirements,Pair,Management,Traceability,aerospace,671,en,"Positive,Negative",-,"P049,P058,P116",,,,,,,,,,,,,,
D011,CM1-Modis,Cross-level requirements dataset for traceability tasks from the aerospace domain,"C. Ge, T. Wang, X. Yang and C. Treude, ""Cross-Level Requirements Tracing Based on Large Language Models,"" in IEEE Transactions on Software Engineering, vol. 51, no. 7, pp. 2044-2066, July 2025, doi: 10.1109/TSE.2025.3572094.",2025,https://github.com/Gechuyan/Cross-Level-Requirements-Tracing-Based-on-Large-Language-Model/blob/main/Cross-Level%20Requirements%20Tracing%20Based%20on%20Large%20Language%20Model/Data/Original_Data/cross_project/CM1-Modis.csv,None,Requirements,Pair,Management,Traceability,aerospace,720,en,"Positive,Negative","D010,D036",P049,,,,,,,,,,,,,,
D012,CoffeeMachine_conflicts,Collection of requirement datasets from the CoffeeMachine project labelled with inconsistencies between requirement pairs.,"Alessandro Fantechi, Stefania Gnesi, Lucia Passaro, & Laura Semini. (2023). Supplementary material for: Inconsistency Detection in Natural Language Requirements using ChatGPT: a Preliminary Evaluation [Data set]. Zenodo. https://doi.org/10.5281/zenodo.8089810",2023,https://zenodo.org/records/8089810,Creative Commons Attribution 4.0 International,Requirements,Pair,Management,Traceability,services,29,en,"Consistent,Inconsistent",-,P047,,,,,,,,,,,,,,
D013,CQ-BEN,Competency questions (CQ) repository integrating datasets from multiple independent studies.,"Alharbi, R., de Berardinis, J., Grasso, F., Payne, T. R., & Tamma, V. (2024, November). Characteristics and desiderata for competency question benchmarks. In Proceedings of the ISWC 2024 Special Session on Harmonising Generative AI and Semantic Web Technologies",2024,https://github.com/KE-UniLiv/CQ-benchmark/,None,Questions,Sentence,Elicitation,Extraction,software,3780,en,-,-,P057,,,,,,,,,,,,,,
D014,Cross-project_trace,Cross-level requirements dataset for linking high-level requirements and low-level requirements,"C. Ge, T. Wang, X. Yang and C. Treude, ""Cross-Level Requirements Tracing Based on Large Language Models,"" in IEEE Transactions on Software Engineering, vol. 51, no. 7, pp. 2044-2066, July 2025, doi: 10.1109/TSE.2025.3572094.",2025,https://github.com/Gechuyan/Cross-Level-Requirements-Tracing-Based-on-Large-Language-Model/blob/main/Cross-Level%20Requirements%20Tracing%20Based%20on%20Large%20Language%20Model/Data/Original_Data/cross_project/Cross_dataset.csv,None,Requirements,Pair,Management,Traceability,"aerospace,software,healthcare",1597,en,"Positive,Negative","D010,D036,D020,D057,D027,D009",P049,,,,,,,,,,,,,,
D015,Dalpiaz2018,Requirements expressed as user stories,"Dalpiaz, Fabiano (2018), “Requirements data sets (user stories)”, Mendeley Data, V1, doi: 10.17632/7zbk8zsd8y.1",2018,https://data.mendeley.com/datasets/7zbk8zsd8y/1,Creative Commons Attribution 4.0 International,User stories,Document,Analysis,Extraction,software,1669,en,-,-,"P148,P155",,,,,,,,,,,,,,
D016,DOSSPRE,Collection of students’ software project requirements including both security-related and non-security-related items.,"Kadebu, Prudence (2024), “Dataset of Students’ Software Projects Requirements (DOSSPRE)”, Mendeley Data, V2, doi: 10.17632/23xtbvk6yp.2",2024,https://data.mendeley.com/datasets/23xtbvk6yp/2,Creative Commons Attribution 4.0 International,Requirements,Document,Analysis,Classification,academia,1317,en,"Security,Non-Security,Functional,Usability,Portability,Performance,Availability,Authentication,Authorization,Immunity,Integrity,Intrusion detection,Confidentiality,Auditing,Survivability,Maintainability",-,P032,,,,,,,,,,,,,,
D017,Dronology,Requirements descriptions from an open-source project on Unmanned Aerial Vehicle (UAV) by the University of Notre Dame.,"Jane Cleland-Huang, Michael Vierhauser, Sean Bayley: Dronology: An Incubator for Cyber-Physical System Research, New Ideas and Emerging Results Track, International Conference on Software Engineering (ICSE), Gothenburg, Sweden, 2018.",2018,https://dronology.info/datasets/,None,Requirements,Document,Elicitation,Extraction,aerospace,99,en,-,-,P005,,,,,,,,,,,,,,
D018,Elenga2024,Collection of requirement s from various projects labelled as contradicting and non-contradicting.,"Gärtner, A.E., Göhlich, D. Automated requirement contradiction detection through formal logic and LLMs. Autom Softw Eng 31, 49 (2024). https://doi.org/10.1007/s10515-024-00452-x",2024,https://static-content.springer.com/esm/art%3A10.1007%2Fs10515-024-00452-x/MediaObjects/10515_2024_452_MOESM1_ESM.csv,None,Requirements,Pair,Management,Traceability,"automotive,software",87,en,"Simplex Contradictory,Idem Contradictory,Alius Contradictory,Simplex Contrary,Idem Contrary,Alius Contrary,Simplex Subaltern,Idem Subaltern,Alius Subaltern, None",-,P069,,,,,,,,,,,,,,
D019,ETCS_conflicts,Collection of requirement datasets from the ETCS project labelled with inconsistencies between requirement pairs.,"Alessandro Fantechi, Stefania Gnesi, Lucia Passaro, & Laura Semini. (2023). Supplementary material for: Inconsistency Detection in Natural Language Requirements using ChatGPT: a Preliminary Evaluation [Data set]. Zenodo. https://doi.org/10.5281/zenodo.8089810",2023,https://zenodo.org/records/8089810,Creative Commons Attribution 4.0 International,Requirements,Pair,Management,Traceability,railway,34,en,"Consistent,Inconsistent",-,P047,,,,,,,,,,,,,,
D020,GANTT,Cross-level requirements dataset for traceability tasks from the GANTT software project,"C. Ge, T. Wang, X. Yang and C. Treude, ""Cross-Level Requirements Tracing Based on Large Language Models,"" in IEEE Transactions on Software Engineering, vol. 51, no. 7, pp. 2044-2066, July 2025, doi: 10.1109/TSE.2025.3572094.",2025,https://github.com/Gechuyan/Cross-Level-Requirements-Tracing-Based-on-Large-Language-Model/blob/main/Cross-Level%20Requirements%20Tracing%20Based%20on%20Large%20Language%20Model/Data/Original_Data/GANNTDataset.csv,None,Requirements,Pair,Management,Traceability,software,204,en,"Positive,Negative",-,"P049,P058,P116",,,,,,,,,,,,,,
D021,GANTT-WARC,Cross-level requirements dataset for traceability tasks from the software domain,"C. Ge, T. Wang, X. Yang and C. Treude, ""Cross-Level Requirements Tracing Based on Large Language Models,"" in IEEE Transactions on Software Engineering, vol. 51, no. 7, pp. 2044-2066, July 2025, doi: 10.1109/TSE.2025.3572094.",2025,https://github.com/Gechuyan/Cross-Level-Requirements-Tracing-Based-on-Large-Language-Model/blob/main/Cross-Level%20Requirements%20Tracing%20Based%20on%20Large%20Language%20Model/Data/Original_Data/cross_project/Cross_dataset.csv,None,Requirements,Pair,Management,Traceability,software,460,en,"Positive,Negative","D020,D057",P049,,,,,,,,,,,,,,
D022,Groen2025_P1,"User reviews classified into ""helpful"" and ""useless"" from the perspective of the developer of an app.","Groen, E. C., Dalpiaz, F., van Vliet, M., Winter, B., Doerr, J., & Brinkkemper, S. (2025). Classification of Quality Characteristics in Online User Feedback using Linguistic Analysis, Crowdsourcing and LLMs: Online Appendix and Supplementary Material [Data set]. En Journal of Systems and Software. Zenodo. https://doi.org/10.5281/zenodo.15604749",2025,https://zenodo.org/records/15604749,Creative Commons Attribution 4.0 International,User reviews,Document,Verification & Validation,Classification,mobile,1000,en,"Helpful,Useless",-,P003,,,,,,,,,,,,,,
D023,Groen2025_P2,"User review sentences classified into ""helpful"" and ""useless"" from the perspective of the developer of an app.","Groen, E. C., Dalpiaz, F., van Vliet, M., Winter, B., Doerr, J., & Brinkkemper, S. (2025). Classification of Quality Characteristics in Online User Feedback using Linguistic Analysis, Crowdsourcing and LLMs: Online Appendix and Supplementary Material [Data set]. En Journal of Systems and Software. Zenodo. https://doi.org/10.5281/zenodo.15604749",2025,https://zenodo.org/records/15604749,Creative Commons Attribution 4.0 International,User reviews,Sentence,Verification & Validation,Classification,mobile,1347,en,"Helpful,Useless",-,P003,,,,,,,,,,,,,,
D024,Groen2025_P3,User review sentences classified into a taxonomy of quality aspects.,"Groen, E. C., Dalpiaz, F., van Vliet, M., Winter, B., Doerr, J., & Brinkkemper, S. (2025). Classification of Quality Characteristics in Online User Feedback using Linguistic Analysis, Crowdsourcing and LLMs: Online Appendix and Supplementary Material [Data set]. En Journal of Systems and Software. Zenodo. https://doi.org/10.5281/zenodo.15604749",2025,https://zenodo.org/records/15604749,Creative Commons Attribution 4.0 International,User reviews,Sentence,Verification & Validation,Classification,mobile,624,en,"Feature Request,User-friendliness,Stability,Performance,Security,Compatibility,_multiple",-,P003,,,,,,,,,,,,,,
D025,Guidotti2024,"Requirements written in the Property Specification Pattern (PSP) format, specifically tailored for the automotive domain","Guidotti, D., Pandolfo, L., Pulina, L., & Azzena, S. (2024). Automotive Domain Property Specification Pattern Dataset [Data set]. Zenodo. https://doi.org/10.5281/zenodo.13373276",2024,https://zenodo.org/records/13373276,GNU General Public License v3.0 ,Requirements,Document,Specification,Modelling,automotive,1000,en,-,-,P089,,,,,,,,,,,,,,
D026,Hippargi2025,System and software requirements with test cases from an automotive firmware project annotated with traceability links.,"Hippargi, V. (2025). Case study on ChatGPT for RE [Data set]. GitHub. https://github.com/VibhaHippargi/CaseStudyonChatGPTforRE",2025,https://github.com/VibhaHippargi/CaseStudyonChatGPTforRE/tree/main,None,Requirements,Pair,Management,Traceability,automotive,20,en,-,-,P043,,,,,,,,,,,,,,
D027,InfusionPump,Cross-level requirements dataset for traceability tasks from the InfusionPump healthcare project,"C. Ge, T. Wang, X. Yang and C. Treude, ""Cross-Level Requirements Tracing Based on Large Language Models,"" in IEEE Transactions on Software Engineering, vol. 51, no. 7, pp. 2044-2066, July 2025, doi: 10.1109/TSE.2025.3572094.",2025,https://github.com/Gechuyan/Cross-Level-Requirements-Tracing-Based-on-Large-Language-Model/blob/main/Cross-Level%20Requirements%20Tracing%20Based%20on%20Large%20Language%20Model/Data/Original_Data/InfusionPump.csv,None,Requirements,Pair,Management,Traceability,healthcare,165,en,"Positive,Negative",-,"P049,P116",,,,,,,,,,,,,,
D028,InfusionPump-CCHIT,Cross-level requirements dataset for traceability tasks from the healthcare domain,"C. Ge, T. Wang, X. Yang and C. Treude, ""Cross-Level Requirements Tracing Based on Large Language Models,"" in IEEE Transactions on Software Engineering, vol. 51, no. 7, pp. 2044-2066, July 2025, doi: 10.1109/TSE.2025.3572094.",2025,https://github.com/Gechuyan/Cross-Level-Requirements-Tracing-Based-on-Large-Language-Model/blob/main/Cross-Level%20Requirements%20Tracing%20Based%20on%20Large%20Language%20Model/Data/Original_Data/cross_project/GANNT-WARC.csv,None,Requirements,Pair,Management,Traceability,healthcare,417,en,"Positive,Negative","D027,D009",P049,,,,,,,,,,,,,,
D029,Khan2025,App reviews annotated with emotion labels by humans and ChatGPT,"Khan, N. D., Khan, J. A., Li, J., Ullah, T., & Zhao, Q. (2025). Leveraging large language model ChatGPT for enhanced understanding of end-user emotions in social media feedbacks. Expert Systems with Applications, 261, 125524. https://doi.org/10.1016/j.eswa.2024.125524",2025,https://github.com/nekdil566/Experimental-work-and-datasets/blob/main/R2_ChatGPt_datasett.csv,None,User reviews,Document,Verification & Validation,Classification,mobile,11810,en,"Anger,Confusion,Disgust,Distrust,Disappointment,Fear,Frustration,Sadness",-,P020,,,,,,,,,,,,,,
D030,Kolthoff2024,User story and GUI annotation dataset across multiple preprocessing steps,"-. K. Kolthoff, F. Kretzer, C. Bartelt, A. Maedche and S. P. Ponzetto, ""Interlinking User stories and GUI Prototyping: A Semi-Automatic LLM-Based Approach,"" 2024 IEEE 32nd International Requirements Engineering Conference (RE), Reykjavik, Iceland, 2024, pp. 380-388, doi: 10.1109/RE59067.2024.00045. keywords: {Large language models;Interactive systems;Natural languages;Prototypes;Requirements engineering;Graphical user interfaces;GUI Prototyping;Requirements Elicitation;Requirements Validation;User stories;Assistance},",2024,https://github.com/IUS-GUI-Prototyping/IUS-GUI,None,User stories,Document,Verification & Validation,Traceability,automotive,327,en,-,-,P110,,,,,,,,,,,,,,
D031,LERE,Chinese requirements categorized into eight types of errors.,"H. Han, K. Chen, J. He and Z. Huang, ""LERE: A Method Based on LLMS and Enhanced Ears in Requirements Engineering,"" 2025 8th International Conference on Software and System Engineering (ICoSSE), Nice, France, 2025, pp. 80-85, doi: 10.1109/ICoSSE65712.2025.00022.",2025,https://github.com/hanhan13579/LERE,None,Requirements,Document,Specification,Classification,industry,138,chn,"Uniqueness,Conciseness,Verifiability,Feasibility,Avoidance of passive voice,Adherence to paradigms,Prohibition of symbols,Prohibition of pronouns",-,P027,,,,,,,,,,,,,,
D032,LEXDEMOD,Contractual commercial requirement sentences from 23 lease contracts from the LEDGAR corpus annotated with deontic modality,"Sancheti, A., Garimella, A., Srinivasan, B. V., & Rudinger, R. (2022). Agent-specific deontic modality detection in legal language. Proceedings of the 2022 Conference on Empirical Methods in Natural Language Processing, 11563–11579. Association for Computational Linguistics. https://doi.org/10.18653/v1/2022.emnlp-main.795",2022,https://github.com/adobe-research/LexDeMod,None,Requirements,Sentence,Analysis,Classification,commerce,7092,en,"Obligation,Entitlement,Prohibition,Permission,No obligation,No entitlement",-,P052,,,,,,,,,,,,,,
D033,Library_conflicts,Collection of requirement datasets from the Library project labelled with inconsistencies between requirement pairs.,"Alessandro Fantechi, Stefania Gnesi, Lucia Passaro, & Laura Semini. (2023). Supplementary material for: Inconsistency Detection in Natural Language Requirements using ChatGPT: a Preliminary Evaluation [Data set]. Zenodo. https://doi.org/10.5281/zenodo.8089810",2023,https://zenodo.org/records/8089810,Creative Commons Attribution 4.0 International,Requirements,Pair,Management,Traceability,services,20,en,"Consistent,Inconsistent",-,P047,,,,,,,,,,,,,,
D034,MetroCode_entities,Requirements from Chapters 18-22 from the 'Code for Design of Metro' labelled with BIO tags for requirements information extraction,OrangeeSofty. 2024. Metro_Code_Chapters_18_to_22_Data. Hugging Face Datasets. https://huggingface.co/datasets/OrangeeSofty/Metro_Code_Chapters_18_to_22_Data/tree/main/out_bio_txt Accessed: 2026-01-13.,2025,https://huggingface.co/datasets/OrangeeSofty/Metro_Code_Chapters_18_to_22_Data/tree/main/out_bio_txt,Apache 2.0,Requirements,Token,Specification,Classification,railway,14032,chn,"Subject,Attribute,Objec,Action,Function,Value,Principle,Condition,Outside ",D035,P018,,,,,,,,,,,,,,
D035,MetroCode_types,Requirements from Chapters 18-22 from the 'Code for Design of Metro' classified into requirement types,OrangeeSofty. 2024. Metro_Code_Chapters_18_to_22_Data. Hugging Face Datasets. https://huggingface.co/datasets/OrangeeSofty/Metro_Code_Chapters_18_to_22_Data/tree/main/out_bio_txt Accessed: 2026-01-13.,2025,https://huggingface.co/datasets/OrangeeSofty/Metro_Code_Chapters_18_to_22_Data/tree/main/out_bio_txt,Apache 2.0,Requirements,Document,Analysis,Classification,railway,516,chn,"Functional requirements,Interface requirements,Performance requirements,Physical requirements,Design constraints",-,P018,,,,,,,,,,,,,,
D036,Modis,Cross-level requirements dataset for traceability tasks from the Modis aerospace project,"C. Ge, T. Wang, X. Yang and C. Treude, ""Cross-Level Requirements Tracing Based on Large Language Models,"" in IEEE Transactions on Software Engineering, vol. 51, no. 7, pp. 2044-2066, July 2025, doi: 10.1109/TSE.2025.3572094.",2025,https://github.com/Gechuyan/Cross-Level-Requirements-Tracing-Based-on-Large-Language-Model/blob/main/Cross-Level%20Requirements%20Tracing%20Based%20on%20Large%20Language%20Model/Data/Original_Data/ModisDataset.csv,None,Requirements,Pair,Management,Traceability,aerospace,49,en,"Positive,Negative",-,"P049,P058",,,,,,,,,,,,,,
D037,Motger2024,App reviews annotated at token level with app features extracted from a popular software recommendation platform,"Q. Motger, A. Miaschi, F. Dell'Orletta, X. Franch and J. Marco, ""T-FREX: A Transformer-based Feature Extraction Method from Mobile App Reviews,"" 2024 IEEE International Conference on Software Analysis, Evolution and Reengineering (SANER), Rovaniemi, Finland, 2024, pp. 227-238, doi: 10.1109/SANER60148.2024.00030.",2023,https://github.com/nlp4se/t-frex,GNU General Public License v3.0 ,User reviews,Token,Verification & Validation,Extraction,mobile,475382,en,"B-feature,I-feature,O",-,P131,,,,,,,,,,,,,,
D038,MultiDomainFPA,Multi-domain collection of question-answer pairs for function point analysis.,"Zhao, Z., Jiang, H., Zhao, R., & He, B. (2024). Emergence of a novel domain expert: A generative AI-based framework for software function point analysis. Proceedings of the 39th IEEE/ACM International Conference on Automated Software Engineering (ASE '24), 2245–2250. Association for Computing Machinery. https://doi-org.recursos.biblioteca.upc.edu/10.1145/3691620.3695293",2024,https://ieeexplore.ieee.org/document/10764829/,None,QA,Pair,Analysis,Extraction,"software,social networks",778,en,-,-,P070,,,,,,,,,,,,,,
D039,MURCIA_dataset,Regulatory changes in legal provisions covering four widely used regulations from the finance domain.,"Abualhaija, S. (2024). Artifact associated with ""AI-enabled Regulatory Change Analysis of Legal Requirements"". The 32nd IEEE International Requirements Engineering 2024 conference (RE'24), Iceland. Zenodo. https://doi.org/10.5281/zenodo.10959496",2024,https://zenodo.org/records/10959496,SNT Non Commercial LICENSE V.2,Legal text,Pair,Analysis,Classification,finance,1293,en,-,-,P075,,,,,,,,,,,,,,
D040,OPENCOSS_conflicts,"Requirements pairs related to the Open Platform for Evolutionary Certification Of Safety-critical Systems for railway, avionics, and automotive industries, labeled as ""conflict"" or ""neutral"".","Malik, G., Cevik, M., & Başar, A. (2023). Data augmentation for conflict and duplicate detection in software engineering sentence pairs. In Proceedings of the 33rd Annual International Conference on Computer Science and Software Engineering (CASCON ’23) (pp. 34–43).",2023,https://gitfront.io/r/user-9946871/ii6eJFSh7oT4/DA-Sentence-Pairs/,None,Requirements,Pair,Management,Traceability,automotive,6786,en,"Neutral,Conflict",-,P005,,,,,,,,,,,,,,
D041,PCTD,Facebook app reviews classified according to their relevance with respect to privacy concerns,"Zhang, J., Hua, J., Niu, N., Chen, Y., & Liu, C. (2023). Mining user privacy concern topics from app reviews. arXiv. https://arxiv.org/abs/2212.09289",2023,https://github.com/zhangjianzhang/PCTD/,None,User reviews,Document,Verification & Validation,Classification,social networks,500,en,"Privacy review, Privacy-irrelevant review",-,P017,,,,,,,,,,,,,,
D042,PET,"Although there is a long tradition of work in NLP on extracting entities and relations from text, to date there exists little work on the acquisition of business processes from unstructured data such as textual corpora of process descriptions.","Bellan, P., Ghidini, C., Dragoni, M., Ponzetto, S. P., & van der Aa, H. (2022). Process extraction from natural language text: The PET dataset and annotation guidelines. In D. Nozza, L. C. Passaro, & M. Polignano (Eds.), Proceedings of the Sixth Workshop on Natural Language for Artificial Intelligence (NL4AI 2022) co-located with the 21st International Conference of the Italian Association for Artificial Intelligence (AIIA 2022), Udine, November 30th, 2022* (Vol. 3287, pp. 177–191). CEUR-WS.org. https://ceur-ws.org/Vol-3287/paper18.pdf",2022,https://huggingface.co/datasets/patriziobellan/PET,MIT,Requirements,Token,Analysis,Extraction,enterprise,69487,en,"O,B-Actor,I-Actor,B-Activity,I-Activity,B-Activity Data,I-Activity Data,B-Further Specification,I-Further Specification,B-XOR Gateway,I-XOR Gateway,B-Condition Specification,I-Condition Specification,B-AND Gateway,I-AND Gateway",-,P111,,,,,,,,,,,,,,
D043,PROMISE,Requirements classified into functional and non-functional sub-types,"Menzies, T., Krishna, R., Pryor, D. (2016). The Promise Repository of Empirical Software Engineering Data; https://openscience.us/repo. North Carolina State University, Department of Computer Science",2016,https://openscience.us/repo/requirements/requirements-other/nfr.html,Creative Commons Attribution 4.0 International,Requirements,Document,Analysis,Classification,"security,real estate,healthcare,finance,services,retail,media,education,gaming,call center,sports,railway",625,en,"Functional,Availability,Legal,Look and feel,Maintainability,Operational,Performance,Scalability,Security,Usability,Fault tolerance,Portability",-,"P019,P047,P121,P153",,,,,,,,,,,,,,
D044,PROMISE_exp,Extension from PROMISE dataset containing requirements classified into functional and non-functional sub-types,"Lima, M.; Valle, V.; Costa, E.; Lira, F.; Gadelha, B. Software engineering repositories: Expanding the PROMISE database. In Proceedings of the 33rd Brazilian Symposium on Software Engineering, Salvador, Brazil, 23–27 September 2019; pp. 427–436.",2019,https://github.com/AleksandarMitrevski/se-requirements-classification,None,Requirements,Document,Analysis,Classification,"security,real estate,healthcare,finance,services,retail,media,education,gaming,call center,sports,railway",969,en,"Functional,Availability,Legal,Look and feel,Maintainability,Operational,Performance,Scalability,Security,Usability,Fault tolerance,Portability",D043,"P019,P028,P052,P120",,,,,,,,,,,,,,
D045,PROMISE_exp_security,Extension from PROMISE_exp dataset containing requirements classified as security NFRs and non-security NFRs.,"Subahi, A. F. (2025). Enhancing Software Sustainability: Leveraging Large Language Models to Evaluate Security Requirements Fulfillment in Requirements Engineering. Systems, 13(2), 114. https://doi.org/10.3390/systems13020114 ",2025,https://github.com/AleksandarMitrevski/se-requirements-classification,Creative Commons Attribution 4.0 International,Requirements,Document,Analysis,Classification,"security,real estate,healthcare,finance,services,retail,media,education,gaming,call center,sports,railway",803,en,"Security,Non-security",D044,P019,,,,,,,,,,,,,,
D046,PURE,Publicly available natural language requirements documents collected from the Web,"Ferrari, A., Spagnolo, G. O., & Gnesi, S. (2018). PURE: a Dataset of Public Requirements Documents (2.0) [Data set]. 2017 IEEE 25th International Requirements Engineering Conference (RE), Lisbon, Portugal. Zenodo. https://doi.org/10.5281/zenodo.7118517",2018,https://zenodo.org/records/7118517,Creative Commons Attribution 4.0 International,Requirements,Pair,Management,Traceability,"software,railway,aerospace,healthcare,education,finance,media,manufacturing,games",34268,en,-,-,"P005,P080,P042,P052,P078",,,,,,,,,,,,,,
D047,PURE_conflicts,"Requirements pairs collected from the web from multiple domains labeled as ""conflict"" or ""neutral"".","Malik, G., Cevik, M., & Başar, A. (2023). Data augmentation for conflict and duplicate detection in software engineering sentence pairs. In Proceedings of the 33rd Annual International Conference on Computer Science and Software Engineering (CASCON ’23) (pp. 34–43).",2023,https://gitfront.io/r/user-9946871/ii6eJFSh7oT4/DA-Sentence-Pairs/,None,Requirements,Pair,Management,Traceability,"software,railway,aerospace,healthcare,education,finance,media,manufacturing,games",2211,en,"Neutral,Conflict",D047,P005,,,,,,,,,,,,,,
D048,RailwayReq Corpus,Subset of requirements documents sharing the same domain from the PURE dataset,"Perko, A., & Wotawa, F. (2024). Replication Package for: Evaluating OpenAI Large Language Models for Generating Logical Abstractions of Technical Requirements Documents. 2023 IEEE 23rd International Conference on Software Quality, Reliability, and Security (QRS), Cambridge, United Kingdom. IEEE. https://doi.org/10.5281/zenodo.11264429",2024,https://zenodo.org/records/11264429,Creative Commons Attribution 4.0 International,Requirements,Document,Specification,Modelling,railway,1306,en,-,D046,P098,,,,,,,,,,,,,,
D049,RE-2019-Materials,"Multiple dataset extracted from diferent experiments: PROMISE, Dronology, ReqView, Leeds Library and WASP","Fabiano Dalpiaz, Davide Dell'Anna, Fatma Başak Aydemir, & Sercan Çevikol. (2019). explainable-re/RE-2019-Materials v0 (Versión v0). Zenodo. https://doi.org/10.5281/zenodo.3309669",2019,https://zenodo.org/records/3309669,None,Requirements,Document,Management,Classification,"security,real estate,healthcare,finance,services,retail,media,education,gaming,call center,sports,railway",1501,en,"IsFunctional,IsQuality,OnlyFunctional,OnlyQuality","D043,D017",P121,,,,,,,,,,,,,,
D050,ReqEval,"Collection of requirements orignated from seven distinct domains: spacecraft, diagnostic, digital home, digital library repository management, weather, archive file manipulation and railway.","S. Yildirim, G. Malik, M. Cevik and A. Başar, ""Anaphora Resolution in Software Requirements Engineering: A Comparison of Generative NLP Pipelines and Encoder-Based Models,"" 2024 34th International Conference on Collaborative Advances in Software and COmputiNg (CASCON), Toronto, ON, Canada, 2024, pp. 1-6, doi: 10.1109/CASCON62161.2024.10837905.",2021,https://github.com/frieden84/nlp4re-reqeval,Creative Commons Attribution 4.0 International,Requirements,Sentence,Analysis,Classification,"aerospace,healthcare,services,weather,software,railway",200,en,"Nocuous,Inocuous",-,P083,,,,,,,,,,,,,,
D051,SecReq,Collection of security requirements from three open-source software projects,"Wang, W., Mahakala, K. R., Gupta, A., Hussein, N., & Wang, Y. (2019). Data on security requirements in open-source software projects. Data in Brief, 25, 103590. https://doi.org/10.1016/j.dib.2018.12.029",2019,https://doi.org/10.1016/j.dib.2018.12.029,Creative Commons Attribution 4.0 International,Requirements,Document,Analysis,Classification,software,817,en,Security,-,P048,,,,,,,,,,,,,,
D052,StackOverflow_conflicts,"Post pairs from StackOverflow labeled as ""conflict"" or ""neutral"".","Malik, G., Cevik, M., & Başar, A. (2023). Data augmentation for conflict and duplicate detection in software engineering sentence pairs. In Proceedings of the 33rd Annual International Conference on Computer Science and Software Engineering (CASCON ’23) (pp. 34–43).",2023,https://gitfront.io/r/user-9946871/ii6eJFSh7oT4/DA-Sentence-Pairs/,None,Post,Pair,Management,Traceability,software,4329,en,"Neutral,Conflict",-,P005,,,,,,,,,,,,,,
D053,Synthline_conflicts,"Collection of requirement datasets from three public datasets (Library,CoffeeMachine,ETCS), one collected dataset (Broker system) and one extended dataset (PROMISE)",-. (2024). Dataset for: Lessons from the Use of Natural Language Inference (NLI) in Requirements Engineering Tasks [Data set]. Zenodo. https://doi.org/10.5281/zenodo.11000349,2024,https://zenodo.org/records/11000349,Creative Commons Attribution 4.0 International,Requirements,Pair,Management,Traceability,"security,real estate,healthcare,finance,services,retail,media,education,gaming,call center,sports,railway",136,en,Conflicts,"D033,D012,D019,D043",P047,,,,,,,,,,,,,,
D054,Synthline_defects,Collection of requirements datasets collected from real software projects and student projects labelled with defect types.,-. (2024). Dataset for: Lessons from the Use of Natural Language Inference (NLI) in Requirements Engineering Tasks [Data set]. Zenodo. https://doi.org/10.5281/zenodo.11000349,2024,https://zenodo.org/records/11000349,Creative Commons Attribution 4.0 International,Requirements,Document,Analysis,Classification,"security,real estate,healthcare,finance,services,retail,media,education,gaming,call center,sports,railway",131,en,"Optional,uncertain,directive,non-atomic,ambiguous,non-mesurable",-,P047,,,,,,,,,,,,,,
D055,UAV_conflicts,"Requirement pairs related to Unmanned Aerial Vehicle (UAV) control system operations labeled as ""conflict"" or ""neutral""","Malik, G., Cevik, M., & Başar, A. (2023). Data augmentation for conflict and duplicate detection in software engineering sentence pairs. In Proceedings of the 33rd Annual International Conference on Computer Science and Software Engineering (CASCON ’23) (pp. 34–43).",2023,https://gitfront.io/r/user-9946871/ii6eJFSh7oT4/DA-Sentence-Pairs/,None,Requirements,Pair,Management,Traceability,aerospace,6670,en,"Neutral,Conflict",-,P005,,,,,,,,,,,,,,
D056,Unfair-TOS,Collection of terms-of-service (ToS) clauses from 50 ToS agreements of online platforms labelled with fair/unfair labels.,"Lippi, M., Palka, P., Contissa, G., Lagioia, F., Micklitz, H.W., Sartor, G., Torroni, P.: CLAUDETTE: an automated detector of potentially unfair clauses in online terms of service. Artificial Intelligence and Law 27(2), 117–139 (feb 2019). https://doi.org/10.1007/s10506-019-09243-2",2019,http://claudette.eui.eu/ToS.zip,None,Legal text,Sentence,Analysis,Classification,software,12011,en,"Fair,Unfair",-,P052,,,,,,,,,,,,,,
D057,WARC,Cross-level requirements dataset for traceability tasks from the WARC healthcare project,"C. Ge, T. Wang, X. Yang and C. Treude, ""Cross-Level Requirements Tracing Based on Large Language Models,"" in IEEE Transactions on Software Engineering, vol. 51, no. 7, pp. 2044-2066, July 2025, doi: 10.1109/TSE.2025.3572094.",2025,https://github.com/Gechuyan/Cross-Level-Requirements-Tracing-Based-on-Large-Language-Model/blob/main/Cross-Level%20Requirements%20Tracing%20Based%20on%20Large%20Language%20Model/Data/Original_Data/WARC.csv,None,Requirements,Pair,Management,Traceability,software,256,en,"Positive,Negative",-,"P049,P058,P116",,,,,,,,,,,,,,
D058,Wei2023,"Crafted dataset for  bilingual app reviews, which can yield valuable insights for app developers and marketers","Wei, J., Courbis, A.-L., Lambolais, T., Xu, B., Bernard, P. L., & Dray, G. (2023). Zero-shot bilingual app reviews mining with large language models. In 2023 IEEE 35th International Conference on Tools with Artificial Intelligence (ICTAI) (pp. 898–904). IEEE. https://doi.org/10.1109/ICTAI59109.2023.00135",2023,https://github.com/Jl-wei/mini-bar,MIT,User reviews,Sentence,Analysis,Classification,software,6003,"en,fr",-,-,P147,,,,,,,,,,,,,,
D059,WorldVista_conflicts,"Requirements pairs related to health management system labeled as ""conflict"" or ""neutral"".","Malik, G., Cevik, M., & Başar, A. (2023). Data augmentation for conflict and duplicate detection in software engineering sentence pairs. In Proceedings of the 33rd Annual International Conference on Computer Science and Software Engineering (CASCON ’23) (pp. 34–43).",2023,https://gitfront.io/r/user-9946871/ii6eJFSh7oT4/DA-Sentence-Pairs/,None,Requirements,Pair,Management,Traceability,healthcare,10878,en,"Neutral,Conflict",D005,P005,,,,,,,,,,,,,,
D060,Xanthopoulou2024,Collection of requirements datasets for classification on functional and non-functional classes,"Xanthopoulou, G., Siavvas, M., Kalouptsoglou, I., & Tzovaras, D. (2024, June). Software requirements classification: From bag-of-words to transformer. https://doi.org/10.13140/RG.2.2.35146.58563",2024,https://sites.google.com/view/requirementsclassificationwith/,None,Requirements,Document,Analysis,Classification,"security,real estate,healthcare,finance,services,retail,media,education,gaming,call center,sports,railway",3471,en,"Functional,Security,Usability,Operability,Performance,Fault Tolerance,Maintainability,Scalability,Look and Feel,Legal,Portability","D046,D043,D051",P048,,,,,,,,,,,,,,
D061,Yilongfei2024_1,Requirements with their corresponding linear temporal logic (LTL) formulas,"Y. Xu, J. Feng and W. Miao, ""Learning from Failures: Translation of Natural Language Requirements into Linear Temporal Logic with Large Language Models,"" 2024 IEEE 24th International Conference on Software Quality, Reliability and Security (QRS), Cambridge, United Kingdom, 2024, pp. 204-215, doi: 10.1109/QRS62785.2024.00029.",2024,https://huggingface.co/datasets/cRick/NL-to-LTL-Synthetic-Dataset,None,Requirements,Document,Specification,Modelling,"railway,automotive",24000,en,"absence_global,universal_global,existence_global,response_global,absence_after,universal_after,existence_after,response_after",-,P097,,,,,,,,,,,,,,
D062,Yilongfei2024_2,Derived from a public dataset on Huggingface about NL-LTL,"Y. Xu, J. Feng and W. Miao, ""Learning from Failures: Translation of Natural Language Requirements into Linear Temporal Logic with Large Language Models,"" 2024 IEEE 24th International Conference on Software Quality, Reliability and Security (QRS), Cambridge, United Kingdom, 2024, pp. 204-215, doi: 10.1109/QRS62785.2024.00029.",2024,https://github.com/AnonymousBreeze/LTL-Learner/blob/master/Dataset/Dataset_2.xlsx,None,Requirements,Document,Specification,Modelling,"railway,automotive",241,en,-,-,P097,,,,,,,,,,,,,,
D063,Srs-doc-d3197,A synthetic text dataset designed for LLM-based requirements engineering tasks. It includes prompt–completion pairs where prompts describe software requirements and completions generate structured Software Requirements Specifications (SRS).,,2025,https://huggingface.co/datasets/AnishMUST/SRS-DOC-D3197,None,Requirements,Pair,Specification,Modelling,Software,100,en,-,-,-,,,,,,,,,,,,,,
D064,My-distiset-00bab1a1,"LLM-generated dataset containing multiple SRS examples across different domains, structured in standard RE format for requirements engineering tasks.",,2025,https://huggingface.co/datasets/AnishMUST/my-distiset-00bab1a1,None,Requirements,Pair,Specification,Modelling,Software,20,en,-,-,-,,,,,,,,,,,,,,
D065,My-distiset-eda74028,"LLM-generated dataset containing SRS templates, examples, and responses structured around standard software requirements specification sections for requirements engineering tasks.",,2025,https://huggingface.co/datasets/AnishMUST/my-distiset-eda74028,None,Requirements,Pair,Specification,Modelling,Software,10,en,-,-,-,,,,,,,,,,,,,,
D066,U_st_ai,"A dataset of LLM-generated user stories for AI systems, annotated with quality attributes, NFRs, ethics, and inter-requirement relationships.",,2025,https://huggingface.co/datasets/Asma/UStAI,Apache 2.0,User stories,Sentence,Elicitation,Classification,Autonomous Vehicles,1260,en,"atomic, minimal, Conceptually sound, Problem-oriented, Unambiguous, Conflict-free, Estimatable, Independent, Unique, Implied ethical needs, Non-Functional Requirements, Meas-ends relation",- ,https://doi.org/10.1145/3727582.3728689,,,,,,,,,,,,,,
D067,FNFC-Functional_Non-Functional_Calssification,"The FNFC dataset is a labeled collection of 7,060 software requirement statements categorized into 14 requirement classes, designed for research and modeling in requirements classification. It was created by refining and re-labeling the Fault-prone SRS Dataset from Kaggle, ensuring high-quality annotations through expert review.",,2024,https://huggingface.co/datasets/MSHD-IAU/FNFC-Functional_Non-Functional_Calssification,None,Requirements,Sentence,Analysis,Classification,Software,7060,en,"F – Functional Requirements, A – Availability, AU – Autonomy, FT – Fault Tolerance, LF – Look and Feel, LL – Legal & Licensing, M – Maintainability, O – Inter-Operability, P – Portability, PE – Performance, R – Reliability, SC – Scalability, SE – Security, US – Usability",https://www.kaggle.com/datasets/corpus4panwo/fault-prone-srs-dataset,-,,,,,,,,,,,,,,
D068,Fr_nfr_spanish_requirements_classification,"A Spanish requirements dataset created from academic projects to support machine learning-based classification of functional and non-functional requirements, addressing the lack of non-English datasets in requirements engineering.",,2022,https://huggingface.co/datasets/MariaIsabel/FR_NFR_Spanish_requirements_classification,cc-by-4.0,Requirements,Sentence,Analysis,Classification,Software,389,spn,"F- Functional Requirements, NF - Non Functional Requirements",- ,https://doi.org/10.1109/RE54965.2022.00039,,,,,,,,,,,,,,
D069,NFR_Spanish_requirements_classification,"The dataset is a filtered subset focusing on non-functional requirements",,2024,https://huggingface.co/datasets/MariaIsabel/NFR_Spanish_requirements_classification,cc-by-4.0,Requirements,Sentence,Analysis,Classification,Software,109,spn,"Security, Usability, Reliability, Performance Efficiency, Portability, Maintainability, Functional Suitability",- ,https://dl.acm.org/doi/10.1145/3555776.3578611,,,,,,,,,,,,,,
D070,Promise_nfr_translated,"Spanish-translated version of the PROMISE dataset containing functional and multiple categories of non-functional requirements, designed for multi-class requirement classification tasks.",,2024,https://huggingface.co/datasets/MariaIsabel/PROMISE_NFR_translated,cc-by-4.0,Requirements,Sentence,Analysis,Classification,Software,625,spn,"F, A, PE, US, SE, LF, SC, FT, O, L, MN, PO",- ,https://link.springer.com/chapter/10.1007/978-3-031-29786-1_11,,,,,,,,,,,,,,
D071,Metro_code_chapters_18_to_22_data,"Dataset is explicitly designed for LLM fine-tuning in requirement extraction and classification",,2025,https://huggingface.co/datasets/OrangeeSofty/Metro_Code_Chapters_18_to_22_Data,Apache 2.0,Requirements,Sentence,Specification,Extraction,Transportation,17402,chn,"Functional Requirement, Interface Requirement, Performance Requirement, Physical Requirement, Design Constraint",-,-,,,,,,,,,,,,,,
D072,Story_seek,"Requirements engineering dataset focused on user stories and goal-driven Elicitation, making it directly suitable for LLM-based RE tasks.",,2025,https://huggingface.co/datasets/SoftACE/StorySeek,MIT,User stories,Instance,Elicitation,Modelling,Software,1005,en,"goal, actor, impact, deliverable, user story",- ,https://arxiv.org/abs/2503.13279,,,,,,,,,,,,,,
D073,Aero_bert-ner,"Requirments for aerospace",,2023,https://huggingface.co/datasets/archanatikayatray/aeroBERT-NER,Apache 2.0,Requirements,Token,Analysis,Extraction,Aerospace,44035,en,"BIO tags (SYS, VAL, ORG, DATETIME, RES, O)",-,https://repository.gatech.edu/entities/publication/964c73e3-f0a8-487d-a3fa-a0988c840d04,,,,,,,,,,,,,,
D074,AeroBERT-classification,"This is a small, manually annotated dataset of aerospace requirements used for requirement classification.",,2023,https://huggingface.co/datasets/archanatikayatray/aeroBERT-classification,Apache 2.0,Requirements,Sentence,Analysis,Classification,Aerospace,311,en,"3 classes (Design=0, Functional=1, Performance=2)",- ,https://www.mdpi.com/2226-4310/10/3/279,,,,,,,,,,,,,,
D075,Auto_factory,"Manufacturing requirements labelled with BIO tags to extract key components and support PLC code generation",,2025,https://huggingface.co/datasets/boudribila/AutoFactory,None,Requirements,Token,Analysis,Extraction,Manufacturing,296963,en,"BIO labels (ACTUATOR, PREACTUATOR, SENSOR, EFFECTOR, O)",- ,https://www.sciencedirect.com/science/article/pii/S2352340925006626,,,,,,,,,,,,,,
D076,Tag-governance-cascon2025-artifact,"Software requirements with multi-model generated tags and governance outputs for evaluating tag normalization and drift.",,2025,https://huggingface.co/datasets/dvipk/tag-governance-cascon2025-artifact,creativeml-openrail-m,Requirements,Sentence,Analysis,Extraction,"FinTech, Saas",300,en,"anonical_tag, original_tag, cluster_id",-,-,,,,,,,,,,,,,,
D077,Fm-alpaca,"Dataset for translating natural-language requirements into formal ACSL specifications for program verification.",,2025,https://huggingface.co/datasets/fm-universe/FM-alpaca,Apache 2.0,Requirements,Pair,Specification,Modelling,Verfication,14372,en,-,-,https://huggingface.co/papers/2501.16207,,,,,,,,,,,,,,
D078,Fm-bench-verified,"It used to train/evaluate models that generate, understand, or verify formal annotations for C programs (e.g., Frama-C / ACSL verification tasks).",,2025,https://huggingface.co/datasets/fm-universe/FM-bench-verified,Apache 2.0,Requirements,Pair,Verification,Modelling,Formal Methods,280,en,-,https://huggingface.co/datasets/fm-universe/FM-bench,-,,,,,,,,,,,,,,
D079,Live-fm-bench,"Continuously updated benchmark of C programs and verification properties for evaluating LLMs on formal specification generation.",,2025,https://huggingface.co/datasets/fm-universe/Live-FM-Bench,Apache 2.0,Requirements,Pair,Verification,Modelling,Formal Methods,360,en,-,https://zenodo.org/records/10826204,-,,,,,,,,,,,,,,
D080,Uml-nl-ocl-100,"It used for tasks such as translating natural-language specifications of UML constraints into executable OCL code.",,2024,https://huggingface.co/datasets/fpan/uml-nl-ocl-100,cc-by-4.0,Requirements,Instance,Specification,Modelling,Software,114,en,"Implicit (NL ↔ OCL mapping)",-,https://zenodo.org/records/7749795,,,,,,,,,,,,,,
D081,Neodataset,"A dataset of agile issue and user story text from GitLab projects, paired with story points for requirement analysis and effort estimation.",,2024,https://huggingface.co/datasets/giseldo/neodataset,AFL-3.0,User stories,Sentence,Elicitation,Classification,"bug tracking",20479,en,"No explicit labels",- ,https://arxiv.org/abs/2406.16259,,,,,,,,,,,,,,
D082,Ai_objectives,"A structured dataset defining ISO-based AI system quality characteristics and non-functional requirements, including formal definitions and practical implementation guidance.",,2025,https://huggingface.co/datasets/hewyler/AIObjectives,cc-by-4.0,Requirements,Instance,Specification,Classification,"AI systems Quality",49,en,"Accessibility, Accountability, Adaptability, Analyzability, Appropriateness recognisability, Authenticity, Availability, Capacity, Co-existence, Comfort, Confidentiality, Context completeness, Economic risk mitigation, Effectiveness, Efficiency, Environment risk mitigation, Fault tolerance, Flexibility, Functional adaptability, Functional appropriateness",-,-,,,,,,,,,,,,,,
D083,Ami,"AMI Corpus is a meeting summarization dataset containing dialogues and their corresponding human-written summaries. It is primarily used for text summarization tasks and includes discussions that may implicitly reflect requirements and design decisions.",,2022,https://huggingface.co/datasets/knkarthick/AMI,cc-by-4.0,"Dialogue and Summary",Instance,Elicitation,Modelling,Software,209,en,"Summary",- ,https://groups.inf.ed.ac.uk/ami/corpus/overview.shtml,,,,,,,,,,,,,,
D084,Meta_agent-creator,"MetaAgent Creator is an XML-based system prompt framework designed to support AI agent design through requirement extraction, prompt engineering, and adaptive reasoning. It is not a traditional dataset but a structured prompt specification.",,2024,https://huggingface.co/datasets/kojikubota/MetaAgent-Creator,MIT,Post,Document,Elicitation,Modelling,"AI Agents",2,"en,jpn",-,-,-,,,,,,,,,,,,,,
D085,Quantum-agent-genesis,"Quantum Agent Genesis is a prompt-based XML framework for designing and optimizing multi-agent systems using quantum-inspired principles and self-organization. It supports requirement analysis and system design but is not a traditional dataset.",,2025,https://huggingface.co/datasets/kojikubota/quantum-agent-genesis,MIT,Post,Document,Elicitation,Modelling,"Multi AI Agents",2,"en,jpn",-,-,-,,,,,,,,,,,,,,
D086,Webgen-agent_train_step-grpo,"A structured instruction dataset for website generation where natural language inputs encode functional and UI requirements, enabling LLMs to generate and iteratively refine web applications.",,2025,https://huggingface.co/datasets/luzimu/webgen-agent_train_step-grpo,MIT,Post,Instance,Specification,Modelling,"Web development",501,en,-,-,https://arxiv.org/abs/2505.03733,,,,,,,,,,,,,,
D087,Software_requirements,"A small tabular dataset containing natural language software task descriptions across multiple programming domains, which implicitly represent functional requirements used for code generation.",,2024,https://huggingface.co/datasets/nguyenminh871/software_requirements,MIT,Requirements,Instance,Specification,Modelling,"Software Devlopment",61,en,-,-,-,,,,,,,,,,,,,,
D088,Automotive_requirements,"A dataset of automotive system requirements with associated metadata for analysis, validation, and safety assessment.",,2025,https://huggingface.co/datasets/ron164/automotive_requirements,Apache 2.0,Requirements,Instance,Specification,Modelling,"Automotive systems",47,en,"Qualification_Method, Artifact_Type, Requirement_Type, Verification_Method, Cybersecurity, Key_Requirement, Legal_Certification_Requirement",-,-,,,,,,,,,,,,,,
D089,SoftwareReq-data,"A dataset of software requirements paired with related questions, designed to support requirement understanding, clarification, and elicitation tasks in software engineering.",,2023,https://huggingface.co/datasets/kelSidenna/softwareReq-data,None,QA,Pair,Elicitation,"Q&A",Software,5640,en,-,-,-,,,,,,,,,,,,,,
,,,,,,,,,,,,,,,,,,,,,,,,,,,,,,
,,,,,,,,,,,,,,,,,,,,,,,,,,,,,,
,,,,,,,,,,,,,,,,,,,,,,,,,,,,,,
,,,,,,,,,,,,,,,,,,,,,,,,,,,,,,
,,,,,,,,,,,,,,,,,,,,,,,,,,,,,,
,,,,,,,,,,,,,,,,,,,,,,,,,,,,,,
,,,,,,,,,,,,,,,,,,,,,,,,,,,,,,
,,,,,,,,,,,,,,,,,,,,,,,,,,,,,,
,,,,,,,,,,,,,,,,,,,,,,,,,,,,,,
,,,,,,,,,,,,,,,,,,,,,,,,,,,,,,
,,,,,,,,,,,,,,,,,,,,,,,,,,,,,,
,,,,,,,,,,,,,,,,,,,,,,,,,,,,,,
,,,,,,,,,,,,,,,,,,,,,,,,,,,,,,
,,,,,,,,,,,,,,,,,,,,,,,,,,,,,,
,,,,,,,,,,,,,,,,,,,,,,,,,,,,,,
,,,,,,,,,,,,,,,,,,,,,,,,,,,,,,
,,,,,,,,,,,,,,,,,,,,,,,,,,,,,,
,,,,,,,,,,,,,,,,,,,,,,,,,,,,,,
,,,,,,,,,,,,,,,,,,,,,,,,,,,,,,
,,,,,,,,,,,,,,,,,,,,,,,,,,,,,,
,,,,,,,,,,,,,,,,,,,,,,,,,,,,,,
,,,,,,,,,,,,,,,,,,,,,,,,,,,,,,
,,,,,,,,,,,,,,,,,,,,,,,,,,,,,,
,,,,,,,,,,,,,,,,,,,,,,,,,,,,,,
,,,,,,,,,,,,,,,,,,,,,,,,,,,,,,
,,,,,,,,,,,,,,,,,,,,,,,,,,,,,,
,,,,,,,,,,,,,,,,,,,,,,,,,,,,,,
,,,,,,,,,,,,,,,,,,,,,,,,,,,,,,
,,,,,,,,,,,,,,,,,,,,,,,,,,,,,,
,,,,,,,,,,,,,,,,,,,,,,,,,,,,,,
,,,,,,,,,,,,,,,,,,,,,,,,,,,,,,
,,,,,,,,,,,,,,,,,,,,,,,,,,,,,,
,,,,,,,,,,,,,,,,,,,,,,,,,,,,,,
,,,,,,,,,,,,,,,,,,,,,,,,,,,,,,
,,,,,,,,,,,,,,,,,,,,,,,,,,,,,,
,,,,,,,,,,,,,,,,,,,,,,,,,,,,,,
,,,,,,,,,,,,,,,,,,,,,,,,,,,,,,
,,,,,,,,,,,,,,,,,,,,,,,,,,,,,,
,,,,,,,,,,,,,,,,,,,,,,,,,,,,,,
,,,,,,,,,,,,,,,,,,,,,,,,,,,,,,
,,,,,,,,,,,,,,,,,,,,,,,,,,,,,,
,,,,,,,,,,,,,,,,,,,,,,,,,,,,,,
,,,,,,,,,,,,,,,,,,,,,,,,,,,,,,
,,,,,,,,,,,,,,,,,,,,,,,,,,,,,,
,,,,,,,,,,,,,,,,,,,,,,,,,,,,,,
,,,,,,,,,,,,,,,,,,,,,,,,,,,,,,
,,,,,,,,,,,,,,,,,,,,,,,,,,,,,,
,,,,,,,,,,,,,,,,,,,,,,,,,,,,,,
,,,,,,,,,,,,,,,,,,,,,,,,,,,,,,
,,,,,,,,,,,,,,,,,,,,,,,,,,,,,,
,,,,,,,,,,,,,,,,,,,,,,,,,,,,,,
,,,,,,,,,,,,,,,,,,,,,,,,,,,,,,
,,,,,,,,,,,,,,,,,,,,,,,,,,,,,,
,,,,,,,,,,,,,,,,,,,,,,,,,,,,,,
,,,,,,,,,,,,,,,,,,,,,,,,,,,,,,
,,,,,,,,,,,,,,,,,,,,,,,,,,,,,,
,,,,,,,,,,,,,,,,,,,,,,,,,,,,,,
,,,,,,,,,,,,,,,,,,,,,,,,,,,,,,
,,,,,,,,,,,,,,,,,,,,,,,,,,,,,,
,,,,,,,,,,,,,,,,,,,,,,,,,,,,,,
,,,,,,,,,,,,,,,,,,,,,,,,,,,,,,
,,,,,,,,,,,,,,,,,,,,,,,,,,,,,,
,,,,,,,,,,,,,,,,,,,,,,,,,,,,,,
,,,,,,,,,,,,,,,,,,,,,,,,,,,,,,
,,,,,,,,,,,,,,,,,,,,,,,,,,,,,,
,,,,,,,,,,,,,,,,,,,,,,,,,,,,,,
,,,,,,,,,,,,,,,,,,,,,,,,,,,,,,
,,,,,,,,,,,,,,,,,,,,,,,,,,,,,,
,,,,,,,,,,,,,,,,,,,,,,,,,,,,,,
,,,,,,,,,,,,,,,,,,,,,,,,,,,,,,
,,,,,,,,,,,,,,,,,,,,,,,,,,,,,,
,,,,,,,,,,,,,,,,,,,,,,,,,,,,,,
,,,,,,,,,,,,,,,,,,,,,,,,,,,,,,
,,,,,,,,,,,,,,,,,,,,,,,,,,,,,,
,,,,,,,,,,,,,,,,,,,,,,,,,,,,,,
,,,,,,,,,,,,,,,,,,,,,,,,,,,,,,
,,,,,,,,,,,,,,,,,,,,,,,,,,,,,,
,,,,,,,,,,,,,,,,,,,,,,,,,,,,,,
,,,,,,,,,,,,,,,,,,,,,,,,,,,,,,
,,,,,,,,,,,,,,,,,,,,,,,,,,,,,,
,,,,,,,,,,,,,,,,,,,,,,,,,,,,,,
,,,,,,,,,,,,,,,,,,,,,,,,,,,,,,
,,,,,,,,,,,,,,,,,,,,,,,,,,,,,,
,,,,,,,,,,,,,,,,,,,,,,,,,,,,,,
,,,,,,,,,,,,,,,,,,,,,,,,,,,,,,
,,,,,,,,,,,,,,,,,,,,,,,,,,,,,,
,,,,,,,,,,,,,,,,,,,,,,,,,,,,,,
,,,,,,,,,,,,,,,,,,,,,,,,,,,,,,
,,,,,,,,,,,,,,,,,,,,,,,,,,,,,,
,,,,,,,,,,,,,,,,,,,,,,,,,,,,,,
,,,,,,,,,,,,,,,,,,,,,,,,,,,,,,
,,,,,,,,,,,,,,,,,,,,,,,,,,,,,,
,,,,,,,,,,,,,,,,,,,,,,,,,,,,,,
,,,,,,,,,,,,,,,,,,,,,,,,,,,,,,
,,,,,,,,,,,,,,,,,,,,,,,,,,,,,,
,,,,,,,,,,,,,,,,,,,,,,,,,,,,,,
,,,,,,,,,,,,,,,,,,,,,,,,,,,,,,
,,,,,,,,,,,,,,,,,,,,,,,,,,,,,,
,,,,,,,,,,,,,,,,,,,,,,,,,,,,,,
,,,,,,,,,,,,,,,,,,,,,,,,,,,,,,
,,,,,,,,,,,,,,,,,,,,,,,,,,,,,,
,,,,,,,,,,,,,,,,,,,,,,,,,,,,,,
,,,,,,,,,,,,,,,,,,,,,,,,,,,,,,
,,,,,,,,,,,,,,,,,,,,,,,,,,,,,,
,,,,,,,,,,,,,,,,,,,,,,,,,,,,,,
,,,,,,,,,,,,,,,,,,,,,,,,,,,,,,
,,,,,,,,,,,,,,,,,,,,,,,,,,,,,,
,,,,,,,,,,,,,,,,,,,,,,,,,,,,,,
,,,,,,,,,,,,,,,,,,,,,,,,,,,,,,
,,,,,,,,,,,,,,,,,,,,,,,,,,,,,,
,,,,,,,,,,,,,,,,,,,,,,,,,,,,,,
,,,,,,,,,,,,,,,,,,,,,,,,,,,,,,
,,,,,,,,,,,,,,,,,,,,,,,,,,,,,,
,,,,,,,,,,,,,,,,,,,,,,,,,,,,,,
,,,,,,,,,,,,,,,,,,,,,,,,,,,,,,
,,,,,,,,,,,,,,,,,,,,,,,,,,,,,,
,,,,,,,,,,,,,,,,,,,,,,,,,,,,,,
,,,,,,,,,,,,,,,,,,,,,,,,,,,,,,
,,,,,,,,,,,,,,,,,,,,,,,,,,,,,,
,,,,,,,,,,,,,,,,,,,,,,,,,,,,,,
,,,,,,,,,,,,,,,,,,,,,,,,,,,,,,
,,,,,,,,,,,,,,,,,,,,,,,,,,,,,,
,,,,,,,,,,,,,,,,,,,,,,,,,,,,,,
,,,,,,,,,,,,,,,,,,,,,,,,,,,,,,
,,,,,,,,,,,,,,,,,,,,,,,,,,,,,,
,,,,,,,,,,,,,,,,,,,,,,,,,,,,,,
,,,,,,,,,,,,,,,,,,,,,,,,,,,,,,
,,,,,,,,,,,,,,,,,,,,,,,,,,,,,,
,,,,,,,,,,,,,,,,,,,,,,,,,,,,,,
,,,,,,,,,,,,,,,,,,,,,,,,,,,,,,
,,,,,,,,,,,,,,,,,,,,,,,,,,,,,,
,,,,,,,,,,,,,,,,,,,,,,,,,,,,,,
,,,,,,,,,,,,,,,,,,,,,,,,,,,,,,
,,,,,,,,,,,,,,,,,,,,,,,,,,,,,,
,,,,,,,,,,,,,,,,,,,,,,,,,,,,,,
,,,,,,,,,,,,,,,,,,,,,,,,,,,,,,
,,,,,,,,,,,,,,,,,,,,,,,,,,,,,,
,,,,,,,,,,,,,,,,,,,,,,,,,,,,,,
,,,,,,,,,,,,,,,,,,,,,,,,,,,,,,
,,,,,,,,,,,,,,,,,,,,,,,,,,,,,,
,,,,,,,,,,,,,,,,,,,,,,,,,,,,,,
,,,,,,,,,,,,,,,,,,,,,,,,,,,,,,
,,,,,,,,,,,,,,,,,,,,,,,,,,,,,,
,,,,,,,,,,,,,,,,,,,,,,,,,,,,,,
,,,,,,,,,,,,,,,,,,,,,,,,,,,,,,
,,,,,,,,,,,,,,,,,,,,,,,,,,,,,,
,,,,,,,,,,,,,,,,,,,,,,,,,,,,,,
,,,,,,,,,,,,,,,,,,,,,,,,,,,,,,
,,,,,,,,,,,,,,,,,,,,,,,,,,,,,,
,,,,,,,,,,,,,,,,,,,,,,,,,,,,,,
,,,,,,,,,,,,,,,,,,,,,,,,,,,,,,
,,,,,,,,,,,,,,,,,,,,,,,,,,,,,,
,,,,,,,,,,,,,,,,,,,,,,,,,,,,,,
,,,,,,,,,,,,,,,,,,,,,,,,,,,,,,
,,,,,,,,,,,,,,,,,,,,,,,,,,,,,,
,,,,,,,,,,,,,,,,,,,,,,,,,,,,,,
,,,,,,,,,,,,,,,,,,,,,,,,,,,,,,
,,,,,,,,,,,,,,,,,,,,,,,,,,,,,,
,,,,,,,,,,,,,,,,,,,,,,,,,,,,,,
,,,,,,,,,,,,,,,,,,,,,,,,,,,,,,
,,,,,,,,,,,,,,,,,,,,,,,,,,,,,,
,,,,,,,,,,,,,,,,,,,,,,,,,,,,,,
,,,,,,,,,,,,,,,,,,,,,,,,,,,,,,
,,,,,,,,,,,,,,,,,,,,,,,,,,,,,,
,,,,,,,,,,,,,,,,,,,,,,,,,,,,,,
,,,,,,,,,,,,,,,,,,,,,,,,,,,,,,
,,,,,,,,,,,,,,,,,,,,,,,,,,,,,,
,,,,,,,,,,,,,,,,,,,,,,,,,,,,,,
,,,,,,,,,,,,,,,,,,,,,,,,,,,,,,
,,,,,,,,,,,,,,,,,,,,,,,,,,,,,,
,,,,,,,,,,,,,,,,,,,,,,,,,,,,,,
,,,,,,,,,,,,,,,,,,,,,,,,,,,,,,
,,,,,,,,,,,,,,,,,,,,,,,,,,,,,,
,,,,,,,,,,,,,,,,,,,,,,,,,,,,,,
,,,,,,,,,,,,,,,,,,,,,,,,,,,,,,
,,,,,,,,,,,,,,,,,,,,,,,,,,,,,,
,,,,,,,,,,,,,,,,,,,,,,,,,,,,,,
,,,,,,,,,,,,,,,,,,,,,,,,,,,,,,
,,,,,,,,,,,,,,,,,,,,,,,,,,,,,,
,,,,,,,,,,,,,,,,,,,,,,,,,,,,,,
,,,,,,,,,,,,,,,,,,,,,,,,,,,,,,
,,,,,,,,,,,,,,,,,,,,,,,,,,,,,,
,,,,,,,,,,,,,,,,,,,,,,,,,,,,,,
,,,,,,,,,,,,,,,,,,,,,,,,,,,,,,
,,,,,,,,,,,,,,,,,,,,,,,,,,,,,,
,,,,,,,,,,,,,,,,,,,,,,,,,,,,,,
,,,,,,,,,,,,,,,,,,,,,,,,,,,,,,
,,,,,,,,,,,,,,,,,,,,,,,,,,,,,,
,,,,,,,,,,,,,,,,,,,,,,,,,,,,,,
,,,,,,,,,,,,,,,,,,,,,,,,,,,,,,
,,,,,,,,,,,,,,,,,,,,,,,,,,,,,,
,,,,,,,,,,,,,,,,,,,,,,,,,,,,,,
,,,,,,,,,,,,,,,,,,,,,,,,,,,,,,
,,,,,,,,,,,,,,,,,,,,,,,,,,,,,,
,,,,,,,,,,,,,,,,,,,,,,,,,,,,,,
,,,,,,,,,,,,,,,,,,,,,,,,,,,,,,
,,,,,,,,,,,,,,,,,,,,,,,,,,,,,,
,,,,,,,,,,,,,,,,,,,,,,,,,,,,,,
,,,,,,,,,,,,,,,,,,,,,,,,,,,,,,
,,,,,,,,,,,,,,,,,,,,,,,,,,,,,,
,,,,,,,,,,,,,,,,,,,,,,,,,,,,,,
,,,,,,,,,,,,,,,,,,,,,,,,,,,,,,
,,,,,,,,,,,,,,,,,,,,,,,,,,,,,,
,,,,,,,,,,,,,,,,,,,,,,,,,,,,,,
,,,,,,,,,,,,,,,,,,,,,,,,,,,,,,
,,,,,,,,,,,,,,,,,,,,,,,,,,,,,,
,,,,,,,,,,,,,,,,,,,,,,,,,,,,,,
,,,,,,,,,,,,,,,,,,,,,,,,,,,,,,
,,,,,,,,,,,,,,,,,,,,,,,,,,,,,,
,,,,,,,,,,,,,,,,,,,,,,,,,,,,,,
,,,,,,,,,,,,,,,,,,,,,,,,,,,,,,
,,,,,,,,,,,,,,,,,,,,,,,,,,,,,,
,,,,,,,,,,,,,,,,,,,,,,,,,,,,,,
,,,,,,,,,,,,,,,,,,,,,,,,,,,,,,
,,,,,,,,,,,,,,,,,,,,,,,,,,,,,,
,,,,,,,,,,,,,,,,,,,,,,,,,,,,,,
,,,,,,,,,,,,,,,,,,,,,,,,,,,,,,
,,,,,,,,,,,,,,,,,,,,,,,,,,,,,,
,,,,,,,,,,,,,,,,,,,,,,,,,,,,,,
,,,,,,,,,,,,,,,,,,,,,,,,,,,,,,
,,,,,,,,,,,,,,,,,,,,,,,,,,,,,,
,,,,,,,,,,,,,,,,,,,,,,,,,,,,,,
,,,,,,,,,,,,,,,,,,,,,,,,,,,,,,
,,,,,,,,,,,,,,,,,,,,,,,,,,,,,,
,,,,,,,,,,,,,,,,,,,,,,,,,,,,,,
,,,,,,,,,,,,,,,,,,,,,,,,,,,,,,
,,,,,,,,,,,,,,,,,,,,,,,,,,,,,,
,,,,,,,,,,,,,,,,,,,,,,,,,,,,,,
,,,,,,,,,,,,,,,,,,,,,,,,,,,,,,
,,,,,,,,,,,,,,,,,,,,,,,,,,,,,,
,,,,,,,,,,,,,,,,,,,,,,,,,,,,,,
,,,,,,,,,,,,,,,,,,,,,,,,,,,,,,
,,,,,,,,,,,,,,,,,,,,,,,,,,,,,,
,,,,,,,,,,,,,,,,,,,,,,,,,,,,,,
,,,,,,,,,,,,,,,,,,,,,,,,,,,,,,
,,,,,,,,,,,,,,,,,,,,,,,,,,,,,,
,,,,,,,,,,,,,,,,,,,,,,,,,,,,,,
,,,,,,,,,,,,,,,,,,,,,,,,,,,,,,
,,,,,,,,,,,,,,,,,,,,,,,,,,,,,,
,,,,,,,,,,,,,,,,,,,,,,,,,,,,,,
,,,,,,,,,,,,,,,,,,,,,,,,,,,,,,
,,,,,,,,,,,,,,,,,,,,,,,,,,,,,,
,,,,,,,,,,,,,,,,,,,,,,,,,,,,,,
,,,,,,,,,,,,,,,,,,,,,,,,,,,,,,
,,,,,,,,,,,,,,,,,,,,,,,,,,,,,,
,,,,,,,,,,,,,,,,,,,,,,,,,,,,,,
,,,,,,,,,,,,,,,,,,,,,,,,,,,,,,
,,,,,,,,,,,,,,,,,,,,,,,,,,,,,,
,,,,,,,,,,,,,,,,,,,,,,,,,,,,,,
,,,,,,,,,,,,,,,,,,,,,,,,,,,,,,
,,,,,,,,,,,,,,,,,,,,,,,,,,,,,,
,,,,,,,,,,,,,,,,,,,,,,,,,,,,,,
,,,,,,,,,,,,,,,,,,,,,,,,,,,,,,
,,,,,,,,,,,,,,,,,,,,,,,,,,,,,,
,,,,,,,,,,,,,,,,,,,,,,,,,,,,,,
,,,,,,,,,,,,,,,,,,,,,,,,,,,,,,
,,,,,,,,,,,,,,,,,,,,,,,,,,,,,,
,,,,,,,,,,,,,,,,,,,,,,,,,,,,,,
,,,,,,,,,,,,,,,,,,,,,,,,,,,,,,
,,,,,,,,,,,,,,,,,,,,,,,,,,,,,,
,,,,,,,,,,,,,,,,,,,,,,,,,,,,,,
,,,,,,,,,,,,,,,,,,,,,,,,,,,,,,
,,,,,,,,,,,,,,,,,,,,,,,,,,,,,,
,,,,,,,,,,,,,,,,,,,,,,,,,,,,,,
,,,,,,,,,,,,,,,,,,,,,,,,,,,,,,
,,,,,,,,,,,,,,,,,,,,,,,,,,,,,,
,,,,,,,,,,,,,,,,,,,,,,,,,,,,,,
,,,,,,,,,,,,,,,,,,,,,,,,,,,,,,
,,,,,,,,,,,,,,,,,,,,,,,,,,,,,,
,,,,,,,,,,,,,,,,,,,,,,,,,,,,,,
,,,,,,,,,,,,,,,,,,,,,,,,,,,,,,
,,,,,,,,,,,,,,,,,,,,,,,,,,,,,,
,,,,,,,,,,,,,,,,,,,,,,,,,,,,,,
,,,,,,,,,,,,,,,,,,,,,,,,,,,,,,
,,,,,,,,,,,,,,,,,,,,,,,,,,,,,,
,,,,,,,,,,,,,,,,,,,,,,,,,,,,,,
,,,,,,,,,,,,,,,,,,,,,,,,,,,,,,
,,,,,,,,,,,,,,,,,,,,,,,,,,,,,,
,,,,,,,,,,,,,,,,,,,,,,,,,,,,,,
,,,,,,,,,,,,,,,,,,,,,,,,,,,,,,
,,,,,,,,,,,,,,,,,,,,,,,,,,,,,,
,,,,,,,,,,,,,,,,,,,,,,,,,,,,,,
,,,,,,,,,,,,,,,,,,,,,,,,,,,,,,
,,,,,,,,,,,,,,,,,,,,,,,,,,,,,,
,,,,,,,,,,,,,,,,,,,,,,,,,,,,,,
,,,,,,,,,,,,,,,,,,,,,,,,,,,,,,
,,,,,,,,,,,,,,,,,,,,,,,,,,,,,,
,,,,,,,,,,,,,,,,,,,,,,,,,,,,,,
,,,,,,,,,,,,,,,,,,,,,,,,,,,,,,
,,,,,,,,,,,,,,,,,,,,,,,,,,,,,,
,,,,,,,,,,,,,,,,,,,,,,,,,,,,,,
,,,,,,,,,,,,,,,,,,,,,,,,,,,,,,
,,,,,,,,,,,,,,,,,,,,,,,,,,,,,,
,,,,,,,,,,,,,,,,,,,,,,,,,,,,,,
,,,,,,,,,,,,,,,,,,,,,,,,,,,,,,
,,,,,,,,,,,,,,,,,,,,,,,,,,,,,,
,,,,,,,,,,,,,,,,,,,,,,,,,,,,,,
,,,,,,,,,,,,,,,,,,,,,,,,,,,,,,
,,,,,,,,,,,,,,,,,,,,,,,,,,,,,,
,,,,,,,,,,,,,,,,,,,,,,,,,,,,,,
,,,,,,,,,,,,,,,,,,,,,,,,,,,,,,
,,,,,,,,,,,,,,,,,,,,,,,,,,,,,,
,,,,,,,,,,,,,,,,,,,,,,,,,,,,,,
,,,,,,,,,,,,,,,,,,,,,,,,,,,,,,
,,,,,,,,,,,,,,,,,,,,,,,,,,,,,,
,,,,,,,,,,,,,,,,,,,,,,,,,,,,,,
,,,,,,,,,,,,,,,,,,,,,,,,,,,,,,
,,,,,,,,,,,,,,,,,,,,,,,,,,,,,,
,,,,,,,,,,,,,,,,,,,,,,,,,,,,,,
,,,,,,,,,,,,,,,,,,,,,,,,,,,,,,
,,,,,,,,,,,,,,,,,,,,,,,,,,,,,,
,,,,,,,,,,,,,,,,,,,,,,,,,,,,,,
,,,,,,,,,,,,,,,,,,,,,,,,,,,,,,
,,,,,,,,,,,,,,,,,,,,,,,,,,,,,,
,,,,,,,,,,,,,,,,,,,,,,,,,,,,,,
,,,,,,,,,,,,,,,,,,,,,,,,,,,,,,
,,,,,,,,,,,,,,,,,,,,,,,,,,,,,,
,,,,,,,,,,,,,,,,,,,,,,,,,,,,,,
,,,,,,,,,,,,,,,,,,,,,,,,,,,,,,
,,,,,,,,,,,,,,,,,,,,,,,,,,,,,,
,,,,,,,,,,,,,,,,,,,,,,,,,,,,,,
,,,,,,,,,,,,,,,,,,,,,,,,,,,,,,
,,,,,,,,,,,,,,,,,,,,,,,,,,,,,,
,,,,,,,,,,,,,,,,,,,,,,,,,,,,,,
,,,,,,,,,,,,,,,,,,,,,,,,,,,,,,
,,,,,,,,,,,,,,,,,,,,,,,,,,,,,,
,,,,,,,,,,,,,,,,,,,,,,,,,,,,,,
,,,,,,,,,,,,,,,,,,,,,,,,,,,,,,
,,,,,,,,,,,,,,,,,,,,,,,,,,,,,,
,,,,,,,,,,,,,,,,,,,,,,,,,,,,,,
,,,,,,,,,,,,,,,,,,,,,,,,,,,,,,
,,,,,,,,,,,,,,,,,,,,,,,,,,,,,,
,,,,,,,,,,,,,,,,,,,,,,,,,,,,,,
,,,,,,,,,,,,,,,,,,,,,,,,,,,,,,
,,,,,,,,,,,,,,,,,,,,,,,,,,,,,,
,,,,,,,,,,,,,,,,,,,,,,,,,,,,,,
,,,,,,,,,,,,,,,,,,,,,,,,,,,,,,
,,,,,,,,,,,,,,,,,,,,,,,,,,,,,,
,,,,,,,,,,,,,,,,,,,,,,,,,,,,,,
,,,,,,,,,,,,,,,,,,,,,,,,,,,,,,
,,,,,,,,,,,,,,,,,,,,,,,,,,,,,,
,,,,,,,,,,,,,,,,,,,,,,,,,,,,,,
,,,,,,,,,,,,,,,,,,,,,,,,,,,,,,
,,,,,,,,,,,,,,,,,,,,,,,,,,,,,,
,,,,,,,,,,,,,,,,,,,,,,,,,,,,,,
,,,,,,,,,,,,,,,,,,,,,,,,,,,,,,
,,,,,,,,,,,,,,,,,,,,,,,,,,,,,,
,,,,,,,,,,,,,,,,,,,,,,,,,,,,,,
,,,,,,,,,,,,,,,,,,,,,,,,,,,,,,
,,,,,,,,,,,,,,,,,,,,,,,,,,,,,,
,,,,,,,,,,,,,,,,,,,,,,,,,,,,,,
,,,,,,,,,,,,,,,,,,,,,,,,,,,,,,
,,,,,,,,,,,,,,,,,,,,,,,,,,,,,,
,,,,,,,,,,,,,,,,,,,,,,,,,,,,,,
,,,,,,,,,,,,,,,,,,,,,,,,,,,,,,
,,,,,,,,,,,,,,,,,,,,,,,,,,,,,,
,,,,,,,,,,,,,,,,,,,,,,,,,,,,,,
,,,,,,,,,,,,,,,,,,,,,,,,,,,,,,
,,,,,,,,,,,,,,,,,,,,,,,,,,,,,,
,,,,,,,,,,,,,,,,,,,,,,,,,,,,,,
,,,,,,,,,,,,,,,,,,,,,,,,,,,,,,
,,,,,,,,,,,,,,,,,,,,,,,,,,,,,,
,,,,,,,,,,,,,,,,,,,,,,,,,,,,,,
,,,,,,,,,,,,,,,,,,,,,,,,,,,,,,
,,,,,,,,,,,,,,,,,,,,,,,,,,,,,,
,,,,,,,,,,,,,,,,,,,,,,,,,,,,,,
,,,,,,,,,,,,,,,,,,,,,,,,,,,,,,
,,,,,,,,,,,,,,,,,,,,,,,,,,,,,,
,,,,,,,,,,,,,,,,,,,,,,,,,,,,,,
,,,,,,,,,,,,,,,,,,,,,,,,,,,,,,
,,,,,,,,,,,,,,,,,,,,,,,,,,,,,,
,,,,,,,,,,,,,,,,,,,,,,,,,,,,,,
,,,,,,,,,,,,,,,,,,,,,,,,,,,,,,
,,,,,,,,,,,,,,,,,,,,,,,,,,,,,,
,,,,,,,,,,,,,,,,,,,,,,,,,,,,,,
,,,,,,,,,,,,,,,,,,,,,,,,,,,,,,
,,,,,,,,,,,,,,,,,,,,,,,,,,,,,,
,,,,,,,,,,,,,,,,,,,,,,,,,,,,,,
,,,,,,,,,,,,,,,,,,,,,,,,,,,,,,
,,,,,,,,,,,,,,,,,,,,,,,,,,,,,,
,,,,,,,,,,,,,,,,,,,,,,,,,,,,,,
,,,,,,,,,,,,,,,,,,,,,,,,,,,,,,
,,,,,,,,,,,,,,,,,,,,,,,,,,,,,,
,,,,,,,,,,,,,,,,,,,,,,,,,,,,,,
,,,,,,,,,,,,,,,,,,,,,,,,,,,,,,
,,,,,,,,,,,,,,,,,,,,,,,,,,,,,,
,,,,,,,,,,,,,,,,,,,,,,,,,,,,,,
,,,,,,,,,,,,,,,,,,,,,,,,,,,,,,
,,,,,,,,,,,,,,,,,,,,,,,,,,,,,,
,,,,,,,,,,,,,,,,,,,,,,,,,,,,,,
,,,,,,,,,,,,,,,,,,,,,,,,,,,,,,
,,,,,,,,,,,,,,,,,,,,,,,,,,,,,,
,,,,,,,,,,,,,,,,,,,,,,,,,,,,,,
,,,,,,,,,,,,,,,,,,,,,,,,,,,,,,
,,,,,,,,,,,,,,,,,,,,,,,,,,,,,,
,,,,,,,,,,,,,,,,,,,,,,,,,,,,,,
,,,,,,,,,,,,,,,,,,,,,,,,,,,,,,
,,,,,,,,,,,,,,,,,,,,,,,,,,,,,,
,,,,,,,,,,,,,,,,,,,,,,,,,,,,,,
,,,,,,,,,,,,,,,,,,,,,,,,,,,,,,
,,,,,,,,,,,,,,,,,,,,,,,,,,,,,,
,,,,,,,,,,,,,,,,,,,,,,,,,,,,,,
,,,,,,,,,,,,,,,,,,,,,,,,,,,,,,
,,,,,,,,,,,,,,,,,,,,,,,,,,,,,,
,,,,,,,,,,,,,,,,,,,,,,,,,,,,,,
,,,,,,,,,,,,,,,,,,,,,,,,,,,,,,
,,,,,,,,,,,,,,,,,,,,,,,,,,,,,,
,,,,,,,,,,,,,,,,,,,,,,,,,,,,,,
,,,,,,,,,,,,,,,,,,,,,,,,,,,,,,
,,,,,,,,,,,,,,,,,,,,,,,,,,,,,,
,,,,,,,,,,,,,,,,,,,,,,,,,,,,,,
,,,,,,,,,,,,,,,,,,,,,,,,,,,,,,
,,,,,,,,,,,,,,,,,,,,,,,,,,,,,,
,,,,,,,,,,,,,,,,,,,,,,,,,,,,,,
,,,,,,,,,,,,,,,,,,,,,,,,,,,,,,
,,,,,,,,,,,,,,,,,,,,,,,,,,,,,,
,,,,,,,,,,,,,,,,,,,,,,,,,,,,,,
,,,,,,,,,,,,,,,,,,,,,,,,,,,,,,
,,,,,,,,,,,,,,,,,,,,,,,,,,,,,,
,,,,,,,,,,,,,,,,,,,,,,,,,,,,,,
,,,,,,,,,,,,,,,,,,,,,,,,,,,,,,
,,,,,,,,,,,,,,,,,,,,,,,,,,,,,,
,,,,,,,,,,,,,,,,,,,,,,,,,,,,,,
,,,,,,,,,,,,,,,,,,,,,,,,,,,,,,
,,,,,,,,,,,,,,,,,,,,,,,,,,,,,,
,,,,,,,,,,,,,,,,,,,,,,,,,,,,,,
,,,,,,,,,,,,,,,,,,,,,,,,,,,,,,
,,,,,,,,,,,,,,,,,,,,,,,,,,,,,,
,,,,,,,,,,,,,,,,,,,,,,,,,,,,,,
,,,,,,,,,,,,,,,,,,,,,,,,,,,,,,
,,,,,,,,,,,,,,,,,,,,,,,,,,,,,,
,,,,,,,,,,,,,,,,,,,,,,,,,,,,,,
,,,,,,,,,,,,,,,,,,,,,,,,,,,,,,
,,,,,,,,,,,,,,,,,,,,,,,,,,,,,,
,,,,,,,,,,,,,,,,,,,,,,,,,,,,,,
,,,,,,,,,,,,,,,,,,,,,,,,,,,,,,
,,,,,,,,,,,,,,,,,,,,,,,,,,,,,,
,,,,,,,,,,,,,,,,,,,,,,,,,,,,,,
,,,,,,,,,,,,,,,,,,,,,,,,,,,,,,
,,,,,,,,,,,,,,,,,,,,,,,,,,,,,,
,,,,,,,,,,,,,,,,,,,,,,,,,,,,,,
,,,,,,,,,,,,,,,,,,,,,,,,,,,,,,
,,,,,,,,,,,,,,,,,,,,,,,,,,,,,,
,,,,,,,,,,,,,,,,,,,,,,,,,,,,,,
,,,,,,,,,,,,,,,,,,,,,,,,,,,,,,
,,,,,,,,,,,,,,,,,,,,,,,,,,,,,,
,,,,,,,,,,,,,,,,,,,,,,,,,,,,,,
,,,,,,,,,,,,,,,,,,,,,,,,,,,,,,
,,,,,,,,,,,,,,,,,,,,,,,,,,,,,,
,,,,,,,,,,,,,,,,,,,,,,,,,,,,,,
,,,,,,,,,,,,,,,,,,,,,,,,,,,,,,
,,,,,,,,,,,,,,,,,,,,,,,,,,,,,,
,,,,,,,,,,,,,,,,,,,,,,,,,,,,,,
,,,,,,,,,,,,,,,,,,,,,,,,,,,,,,
,,,,,,,,,,,,,,,,,,,,,,,,,,,,,,
,,,,,,,,,,,,,,,,,,,,,,,,,,,,,,
,,,,,,,,,,,,,,,,,,,,,,,,,,,,,,
,,,,,,,,,,,,,,,,,,,,,,,,,,,,,,
,,,,,,,,,,,,,,,,,,,,,,,,,,,,,,
,,,,,,,,,,,,,,,,,,,,,,,,,,,,,,
,,,,,,,,,,,,,,,,,,,,,,,,,,,,,,
,,,,,,,,,,,,,,,,,,,,,,,,,,,,,,
,,,,,,,,,,,,,,,,,,,,,,,,,,,,,,
,,,,,,,,,,,,,,,,,,,,,,,,,,,,,,
,,,,,,,,,,,,,,,,,,,,,,,,,,,,,,
,,,,,,,,,,,,,,,,,,,,,,,,,,,,,,
,,,,,,,,,,,,,,,,,,,,,,,,,,,,,,
,,,,,,,,,,,,,,,,,,,,,,,,,,,,,,
,,,,,,,,,,,,,,,,,,,,,,,,,,,,,,
,,,,,,,,,,,,,,,,,,,,,,,,,,,,,,
,,,,,,,,,,,,,,,,,,,,,,,,,,,,,,
,,,,,,,,,,,,,,,,,,,,,,,,,,,,,,
,,,,,,,,,,,,,,,,,,,,,,,,,,,,,,
,,,,,,,,,,,,,,,,,,,,,,,,,,,,,,
,,,,,,,,,,,,,,,,,,,,,,,,,,,,,,
,,,,,,,,,,,,,,,,,,,,,,,,,,,,,,
,,,,,,,,,,,,,,,,,,,,,,,,,,,,,,
,,,,,,,,,,,,,,,,,,,,,,,,,,,,,,
,,,,,,,,,,,,,,,,,,,,,,,,,,,,,,
,,,,,,,,,,,,,,,,,,,,,,,,,,,,,,
,,,,,,,,,,,,,,,,,,,,,,,,,,,,,,
,,,,,,,,,,,,,,,,,,,,,,,,,,,,,,
,,,,,,,,,,,,,,,,,,,,,,,,,,,,,,
,,,,,,,,,,,,,,,,,,,,,,,,,,,,,,
,,,,,,,,,,,,,,,,,,,,,,,,,,,,,,
,,,,,,,,,,,,,,,,,,,,,,,,,,,,,,
,,,,,,,,,,,,,,,,,,,,,,,,,,,,,,
,,,,,,,,,,,,,,,,,,,,,,,,,,,,,,
,,,,,,,,,,,,,,,,,,,,,,,,,,,,,,
,,,,,,,,,,,,,,,,,,,,,,,,,,,,,,
,,,,,,,,,,,,,,,,,,,,,,,,,,,,,,
,,,,,,,,,,,,,,,,,,,,,,,,,,,,,,
,,,,,,,,,,,,,,,,,,,,,,,,,,,,,,
,,,,,,,,,,,,,,,,,,,,,,,,,,,,,,
,,,,,,,,,,,,,,,,,,,,,,,,,,,,,,
,,,,,,,,,,,,,,,,,,,,,,,,,,,,,,
,,,,,,,,,,,,,,,,,,,,,,,,,,,,,,
,,,,,,,,,,,,,,,,,,,,,,,,,,,,,,
,,,,,,,,,,,,,,,,,,,,,,,,,,,,,,
,,,,,,,,,,,,,,,,,,,,,,,,,,,,,,
,,,,,,,,,,,,,,,,,,,,,,,,,,,,,,
,,,,,,,,,,,,,,,,,,,,,,,,,,,,,,
,,,,,,,,,,,,,,,,,,,,,,,,,,,,,,
,,,,,,,,,,,,,,,,,,,,,,,,,,,,,,
,,,,,,,,,,,,,,,,,,,,,,,,,,,,,,
,,,,,,,,,,,,,,,,,,,,,,,,,,,,,,
,,,,,,,,,,,,,,,,,,,,,,,,,,,,,,
,,,,,,,,,,,,,,,,,,,,,,,,,,,,,,
,,,,,,,,,,,,,,,,,,,,,,,,,,,,,,
,,,,,,,,,,,,,,,,,,,,,,,,,,,,,,
,,,,,,,,,,,,,,,,,,,,,,,,,,,,,,
,,,,,,,,,,,,,,,,,,,,,,,,,,,,,,
,,,,,,,,,,,,,,,,,,,,,,,,,,,,,,
,,,,,,,,,,,,,,,,,,,,,,,,,,,,,,
,,,,,,,,,,,,,,,,,,,,,,,,,,,,,,
,,,,,,,,,,,,,,,,,,,,,,,,,,,,,,
,,,,,,,,,,,,,,,,,,,,,,,,,,,,,,
,,,,,,,,,,,,,,,,,,,,,,,,,,,,,,
,,,,,,,,,,,,,,,,,,,,,,,,,,,,,,
,,,,,,,,,,,,,,,,,,,,,,,,,,,,,,
,,,,,,,,,,,,,,,,,,,,,,,,,,,,,,
,,,,,,,,,,,,,,,,,,,,,,,,,,,,,,
,,,,,,,,,,,,,,,,,,,,,,,,,,,,,,
,,,,,,,,,,,,,,,,,,,,,,,,,,,,,,
,,,,,,,,,,,,,,,,,,,,,,,,,,,,,,
,,,,,,,,,,,,,,,,,,,,,,,,,,,,,,
,,,,,,,,,,,,,,,,,,,,,,,,,,,,,,
,,,,,,,,,,,,,,,,,,,,,,,,,,,,,,
,,,,,,,,,,,,,,,,,,,,,,,,,,,,,,
,,,,,,,,,,,,,,,,,,,,,,,,,,,,,,
,,,,,,,,,,,,,,,,,,,,,,,,,,,,,,
,,,,,,,,,,,,,,,,,,,,,,,,,,,,,,
,,,,,,,,,,,,,,,,,,,,,,,,,,,,,,
,,,,,,,,,,,,,,,,,,,,,,,,,,,,,,
,,,,,,,,,,,,,,,,,,,,,,,,,,,,,,
,,,,,,,,,,,,,,,,,,,,,,,,,,,,,,
,,,,,,,,,,,,,,,,,,,,,,,,,,,,,,
,,,,,,,,,,,,,,,,,,,,,,,,,,,,,,
,,,,,,,,,,,,,,,,,,,,,,,,,,,,,,
,,,,,,,,,,,,,,,,,,,,,,,,,,,,,,
,,,,,,,,,,,,,,,,,,,,,,,,,,,,,,
,,,,,,,,,,,,,,,,,,,,,,,,,,,,,,
,,,,,,,,,,,,,,,,,,,,,,,,,,,,,,
,,,,,,,,,,,,,,,,,,,,,,,,,,,,,,
,,,,,,,,,,,,,,,,,,,,,,,,,,,,,,
,,,,,,,,,,,,,,,,,,,,,,,,,,,,,,
,,,,,,,,,,,,,,,,,,,,,,,,,,,,,,
,,,,,,,,,,,,,,,,,,,,,,,,,,,,,,
,,,,,,,,,,,,,,,,,,,,,,,,,,,,,,
,,,,,,,,,,,,,,,,,,,,,,,,,,,,,,
,,,,,,,,,,,,,,,,,,,,,,,,,,,,,,
,,,,,,,,,,,,,,,,,,,,,,,,,,,,,,
,,,,,,,,,,,,,,,,,,,,,,,,,,,,,,
,,,,,,,,,,,,,,,,,,,,,,,,,,,,,,
,,,,,,,,,,,,,,,,,,,,,,,,,,,,,,
,,,,,,,,,,,,,,,,,,,,,,,,,,,,,,
,,,,,,,,,,,,,,,,,,,,,,,,,,,,,,
,,,,,,,,,,,,,,,,,,,,,,,,,,,,,,
,,,,,,,,,,,,,,,,,,,,,,,,,,,,,,
,,,,,,,,,,,,,,,,,,,,,,,,,,,,,,
,,,,,,,,,,,,,,,,,,,,,,,,,,,,,,
,,,,,,,,,,,,,,,,,,,,,,,,,,,,,,
,,,,,,,,,,,,,,,,,,,,,,,,,,,,,,
,,,,,,,,,,,,,,,,,,,,,,,,,,,,,,
,,,,,,,,,,,,,,,,,,,,,,,,,,,,,,
,,,,,,,,,,,,,,,,,,,,,,,,,,,,,,
,,,,,,,,,,,,,,,,,,,,,,,,,,,,,,
,,,,,,,,,,,,,,,,,,,,,,,,,,,,,,
,,,,,,,,,,,,,,,,,,,,,,,,,,,,,,
,,,,,,,,,,,,,,,,,,,,,,,,,,,,,,
,,,,,,,,,,,,,,,,,,,,,,,,,,,,,,
,,,,,,,,,,,,,,,,,,,,,,,,,,,,,,
,,,,,,,,,,,,,,,,,,,,,,,,,,,,,,
,,,,,,,,,,,,,,,,,,,,,,,,,,,,,,
,,,,,,,,,,,,,,,,,,,,,,,,,,,,,,
,,,,,,,,,,,,,,,,,,,,,,,,,,,,,,
,,,,,,,,,,,,,,,,,,,,,,,,,,,,,,
,,,,,,,,,,,,,,,,,,,,,,,,,,,,,,
,,,,,,,,,,,,,,,,,,,,,,,,,,,,,,
,,,,,,,,,,,,,,,,,,,,,,,,,,,,,,
,,,,,,,,,,,,,,,,,,,,,,,,,,,,,,
,,,,,,,,,,,,,,,,,,,,,,,,,,,,,,
,,,,,,,,,,,,,,,,,,,,,,,,,,,,,,
,,,,,,,,,,,,,,,,,,,,,,,,,,,,,,
,,,,,,,,,,,,,,,,,,,,,,,,,,,,,,
,,,,,,,,,,,,,,,,,,,,,,,,,,,,,,
,,,,,,,,,,,,,,,,,,,,,,,,,,,,,,
,,,,,,,,,,,,,,,,,,,,,,,,,,,,,,
,,,,,,,,,,,,,,,,,,,,,,,,,,,,,,
,,,,,,,,,,,,,,,,,,,,,,,,,,,,,,
,,,,,,,,,,,,,,,,,,,,,,,,,,,,,,
,,,,,,,,,,,,,,,,,,,,,,,,,,,,,,
,,,,,,,,,,,,,,,,,,,,,,,,,,,,,,
,,,,,,,,,,,,,,,,,,,,,,,,,,,,,,
,,,,,,,,,,,,,,,,,,,,,,,,,,,,,,
,,,,,,,,,,,,,,,,,,,,,,,,,,,,,,
,,,,,,,,,,,,,,,,,,,,,,,,,,,,,,
,,,,,,,,,,,,,,,,,,,,,,,,,,,,,,
,,,,,,,,,,,,,,,,,,,,,,,,,,,,,,
,,,,,,,,,,,,,,,,,,,,,,,,,,,,,,
,,,,,,,,,,,,,,,,,,,,,,,,,,,,,,
,,,,,,,,,,,,,,,,,,,,,,,,,,,,,,
,,,,,,,,,,,,,,,,,,,,,,,,,,,,,,
,,,,,,,,,,,,,,,,,,,,,,,,,,,,,,
,,,,,,,,,,,,,,,,,,,,,,,,,,,,,,
,,,,,,,,,,,,,,,,,,,,,,,,,,,,,,
,,,,,,,,,,,,,,,,,,,,,,,,,,,,,,
,,,,,,,,,,,,,,,,,,,,,,,,,,,,,,
,,,,,,,,,,,,,,,,,,,,,,,,,,,,,,
,,,,,,,,,,,,,,,,,,,,,,,,,,,,,,
,,,,,,,,,,,,,,,,,,,,,,,,,,,,,,
,,,,,,,,,,,,,,,,,,,,,,,,,,,,,,
,,,,,,,,,,,,,,,,,,,,,,,,,,,,,,
,,,,,,,,,,,,,,,,,,,,,,,,,,,,,,
,,,,,,,,,,,,,,,,,,,,,,,,,,,,,,
,,,,,,,,,,,,,,,,,,,,,,,,,,,,,,
,,,,,,,,,,,,,,,,,,,,,,,,,,,,,,
,,,,,,,,,,,,,,,,,,,,,,,,,,,,,,
,,,,,,,,,,,,,,,,,,,,,,,,,,,,,,
,,,,,,,,,,,,,,,,,,,,,,,,,,,,,,
,,,,,,,,,,,,,,,,,,,,,,,,,,,,,,
,,,,,,,,,,,,,,,,,,,,,,,,,,,,,,
,,,,,,,,,,,,,,,,,,,,,,,,,,,,,,
,,,,,,,,,,,,,,,,,,,,,,,,,,,,,,
,,,,,,,,,,,,,,,,,,,,,,,,,,,,,,
,,,,,,,,,,,,,,,,,,,,,,,,,,,,,,
,,,,,,,,,,,,,,,,,,,,,,,,,,,,,,
,,,,,,,,,,,,,,,,,,,,,,,,,,,,,,
,,,,,,,,,,,,,,,,,,,,,,,,,,,,,,
,,,,,,,,,,,,,,,,,,,,,,,,,,,,,,
,,,,,,,,,,,,,,,,,,,,,,,,,,,,,,
,,,,,,,,,,,,,,,,,,,,,,,,,,,,,,
,,,,,,,,,,,,,,,,,,,,,,,,,,,,,,
,,,,,,,,,,,,,,,,,,,,,,,,,,,,,,
,,,,,,,,,,,,,,,,,,,,,,,,,,,,,,
,,,,,,,,,,,,,,,,,,,,,,,,,,,,,,
,,,,,,,,,,,,,,,,,,,,,,,,,,,,,,
,,,,,,,,,,,,,,,,,,,,,,,,,,,,,,
,,,,,,,,,,,,,,,,,,,,,,,,,,,,,,
,,,,,,,,,,,,,,,,,,,,,,,,,,,,,,
,,,,,,,,,,,,,,,,,,,,,,,,,,,,,,
,,,,,,,,,,,,,,,,,,,,,,,,,,,,,,
,,,,,,,,,,,,,,,,,,,,,,,,,,,,,,
,,,,,,,,,,,,,,,,,,,,,,,,,,,,,,
,,,,,,,,,,,,,,,,,,,,,,,,,,,,,,
,,,,,,,,,,,,,,,,,,,,,,,,,,,,,,
,,,,,,,,,,,,,,,,,,,,,,,,,,,,,,
,,,,,,,,,,,,,,,,,,,,,,,,,,,,,,
,,,,,,,,,,,,,,,,,,,,,,,,,,,,,,
,,,,,,,,,,,,,,,,,,,,,,,,,,,,,,
,,,,,,,,,,,,,,,,,,,,,,,,,,,,,,
,,,,,,,,,,,,,,,,,,,,,,,,,,,,,,
,,,,,,,,,,,,,,,,,,,,,,,,,,,,,,
,,,,,,,,,,,,,,,,,,,,,,,,,,,,,,
,,,,,,,,,,,,,,,,,,,,,,,,,,,,,,
,,,,,,,,,,,,,,,,,,,,,,,,,,,,,,
,,,,,,,,,,,,,,,,,,,,,,,,,,,,,,
,,,,,,,,,,,,,,,,,,,,,,,,,,,,,,
,,,,,,,,,,,,,,,,,,,,,,,,,,,,,,
,,,,,,,,,,,,,,,,,,,,,,,,,,,,,,
,,,,,,,,,,,,,,,,,,,,,,,,,,,,,,
,,,,,,,,,,,,,,,,,,,,,,,,,,,,,,
,,,,,,,,,,,,,,,,,,,,,,,,,,,,,,
,,,,,,,,,,,,,,,,,,,,,,,,,,,,,,
,,,,,,,,,,,,,,,,,,,,,,,,,,,,,,
,,,,,,,,,,,,,,,,,,,,,,,,,,,,,,
,,,,,,,,,,,,,,,,,,,,,,,,,,,,,,
,,,,,,,,,,,,,,,,,,,,,,,,,,,,,,
,,,,,,,,,,,,,,,,,,,,,,,,,,,,,,
,,,,,,,,,,,,,,,,,,,,,,,,,,,,,,
,,,,,,,,,,,,,,,,,,,,,,,,,,,,,,
,,,,,,,,,,,,,,,,,,,,,,,,,,,,,,
,,,,,,,,,,,,,,,,,,,,,,,,,,,,,,
,,,,,,,,,,,,,,,,,,,,,,,,,,,,,,
,,,,,,,,,,,,,,,,,,,,,,,,,,,,,,
,,,,,,,,,,,,,,,,,,,,,,,,,,,,,,
,,,,,,,,,,,,,,,,,,,,,,,,,,,,,,
,,,,,,,,,,,,,,,,,,,,,,,,,,,,,,
,,,,,,,,,,,,,,,,,,,,,,,,,,,,,,
,,,,,,,,,,,,,,,,,,,,,,,,,,,,,,
,,,,,,,,,,,,,,,,,,,,,,,,,,,,,,
,,,,,,,,,,,,,,,,,,,,,,,,,,,,,,
,,,,,,,,,,,,,,,,,,,,,,,,,,,,,,
,,,,,,,,,,,,,,,,,,,,,,,,,,,,,,
,,,,,,,,,,,,,,,,,,,,,,,,,,,,,,
,,,,,,,,,,,,,,,,,,,,,,,,,,,,,,
,,,,,,,,,,,,,,,,,,,,,,,,,,,,,,
,,,,,,,,,,,,,,,,,,,,,,,,,,,,,,
,,,,,,,,,,,,,,,,,,,,,,,,,,,,,,
,,,,,,,,,,,,,,,,,,,,,,,,,,,,,,
,,,,,,,,,,,,,,,,,,,,,,,,,,,,,,
,,,,,,,,,,,,,,,,,,,,,,,,,,,,,,
,,,,,,,,,,,,,,,,,,,,,,,,,,,,,,
,,,,,,,,,,,,,,,,,,,,,,,,,,,,,,
,,,,,,,,,,,,,,,,,,,,,,,,,,,,,,
,,,,,,,,,,,,,,,,,,,,,,,,,,,,,,
,,,,,,,,,,,,,,,,,,,,,,,,,,,,,,
,,,,,,,,,,,,,,,,,,,,,,,,,,,,,,
,,,,,,,,,,,,,,,,,,,,,,,,,,,,,,
,,,,,,,,,,,,,,,,,,,,,,,,,,,,,,
,,,,,,,,,,,,,,,,,,,,,,,,,,,,,,
,,,,,,,,,,,,,,,,,,,,,,,,,,,,,,
,,,,,,,,,,,,,,,,,,,,,,,,,,,,,,
,,,,,,,,,,,,,,,,,,,,,,,,,,,,,,
,,,,,,,,,,,,,,,,,,,,,,,,,,,,,,
,,,,,,,,,,,,,,,,,,,,,,,,,,,,,,
,,,,,,,,,,,,,,,,,,,,,,,,,,,,,,
,,,,,,,,,,,,,,,,,,,,,,,,,,,,,,
,,,,,,,,,,,,,,,,,,,,,,,,,,,,,,
,,,,,,,,,,,,,,,,,,,,,,,,,,,,,,
,,,,,,,,,,,,,,,,,,,,,,,,,,,,,,
,,,,,,,,,,,,,,,,,,,,,,,,,,,,,,
,,,,,,,,,,,,,,,,,,,,,,,,,,,,,,
,,,,,,,,,,,,,,,,,,,,,,,,,,,,,,
,,,,,,,,,,,,,,,,,,,,,,,,,,,,,,
,,,,,,,,,,,,,,,,,,,,,,,,,,,,,,
,,,,,,,,,,,,,,,,,,,,,,,,,,,,,,
,,,,,,,,,,,,,,,,,,,,,,,,,,,,,,
,,,,,,,,,,,,,,,,,,,,,,,,,,,,,,
,,,,,,,,,,,,,,,,,,,,,,,,,,,,,,
,,,,,,,,,,,,,,,,,,,,,,,,,,,,,,
,,,,,,,,,,,,,,,,,,,,,,,,,,,,,,
,,,,,,,,,,,,,,,,,,,,,,,,,,,,,,
,,,,,,,,,,,,,,,,,,,,,,,,,,,,,,
,,,,,,,,,,,,,,,,,,,,,,,,,,,,,,
,,,,,,,,,,,,,,,,,,,,,,,,,,,,,,
,,,,,,,,,,,,,,,,,,,,,,,,,,,,,,
,,,,,,,,,,,,,,,,,,,,,,,,,,,,,,
,,,,,,,,,,,,,,,,,,,,,,,,,,,,,,
,,,,,,,,,,,,,,,,,,,,,,,,,,,,,,
,,,,,,,,,,,,,,,,,,,,,,,,,,,,,,
,,,,,,,,,,,,,,,,,,,,,,,,,,,,,,
,,,,,,,,,,,,,,,,,,,,,,,,,,,,,,
,,,,,,,,,,,,,,,,,,,,,,,,,,,,,,
,,,,,,,,,,,,,,,,,,,,,,,,,,,,,,
,,,,,,,,,,,,,,,,,,,,,,,,,,,,,,
,,,,,,,,,,,,,,,,,,,,,,,,,,,,,,
,,,,,,,,,,,,,,,,,,,,,,,,,,,,,,
,,,,,,,,,,,,,,,,,,,,,,,,,,,,,,
,,,,,,,,,,,,,,,,,,,,,,,,,,,,,,
,,,,,,,,,,,,,,,,,,,,,,,,,,,,,,
,,,,,,,,,,,,,,,,,,,,,,,,,,,,,,
,,,,,,,,,,,,,,,,,,,,,,,,,,,,,,
,,,,,,,,,,,,,,,,,,,,,,,,,,,,,,
,,,,,,,,,,,,,,,,,,,,,,,,,,,,,,
,,,,,,,,,,,,,,,,,,,,,,,,,,,,,,
,,,,,,,,,,,,,,,,,,,,,,,,,,,,,,
,,,,,,,,,,,,,,,,,,,,,,,,,,,,,,
,,,,,,,,,,,,,,,,,,,,,,,,,,,,,,
,,,,,,,,,,,,,,,,,,,,,,,,,,,,,,
,,,,,,,,,,,,,,,,,,,,,,,,,,,,,,
,,,,,,,,,,,,,,,,,,,,,,,,,,,,,,
,,,,,,,,,,,,,,,,,,,,,,,,,,,,,,
,,,,,,,,,,,,,,,,,,,,,,,,,,,,,,
,,,,,,,,,,,,,,,,,,,,,,,,,,,,,,
,,,,,,,,,,,,,,,,,,,,,,,,,,,,,,
,,,,,,,,,,,,,,,,,,,,,,,,,,,,,,
,,,,,,,,,,,,,,,,,,,,,,,,,,,,,,
,,,,,,,,,,,,,,,,,,,,,,,,,,,,,,
,,,,,,,,,,,,,,,,,,,,,,,,,,,,,,
,,,,,,,,,,,,,,,,,,,,,,,,,,,,,,
,,,,,,,,,,,,,,,,,,,,,,,,,,,,,,
,,,,,,,,,,,,,,,,,,,,,,,,,,,,,,
,,,,,,,,,,,,,,,,,,,,,,,,,,,,,,
,,,,,,,,,,,,,,,,,,,,,,,,,,,,,,
,,,,,,,,,,,,,,,,,,,,,,,,,,,,,,
,,,,,,,,,,,,,,,,,,,,,,,,,,,,,,
,,,,,,,,,,,,,,,,,,,,,,,,,,,,,,
,,,,,,,,,,,,,,,,,,,,,,,,,,,,,,
,,,,,,,,,,,,,,,,,,,,,,,,,,,,,,
,,,,,,,,,,,,,,,,,,,,,,,,,,,,,,
,,,,,,,,,,,,,,,,,,,,,,,,,,,,,,
,,,,,,,,,,,,,,,,,,,,,,,,,,,,,,
,,,,,,,,,,,,,,,,,,,,,,,,,,,,,,
,,,,,,,,,,,,,,,,,,,,,,,,,,,,,,
,,,,,,,,,,,,,,,,,,,,,,,,,,,,,,
,,,,,,,,,,,,,,,,,,,,,,,,,,,,,,
,,,,,,,,,,,,,,,,,,,,,,,,,,,,,,
,,,,,,,,,,,,,,,,,,,,,,,,,,,,,,
,,,,,,,,,,,,,,,,,,,,,,,,,,,,,,
,,,,,,,,,,,,,,,,,,,,,,,,,,,,,,
,,,,,,,,,,,,,,,,,,,,,,,,,,,,,,
,,,,,,,,,,,,,,,,,,,,,,,,,,,,,,
,,,,,,,,,,,,,,,,,,,,,,,,,,,,,,
,,,,,,,,,,,,,,,,,,,,,,,,,,,,,,
,,,,,,,,,,,,,,,,,,,,,,,,,,,,,,
,,,,,,,,,,,,,,,,,,,,,,,,,,,,,,
,,,,,,,,,,,,,,,,,,,,,,,,,,,,,,
,,,,,,,,,,,,,,,,,,,,,,,,,,,,,,
,,,,,,,,,,,,,,,,,,,,,,,,,,,,,,
,,,,,,,,,,,,,,,,,,,,,,,,,,,,,,
,,,,,,,,,,,,,,,,,,,,,,,,,,,,,,
,,,,,,,,,,,,,,,,,,,,,,,,,,,,,,
,,,,,,,,,,,,,,,,,,,,,,,,,,,,,,
,,,,,,,,,,,,,,,,,,,,,,,,,,,,,,
,,,,,,,,,,,,,,,,,,,,,,,,,,,,,,
,,,,,,,,,,,,,,,,,,,,,,,,,,,,,,
,,,,,,,,,,,,,,,,,,,,,,,,,,,,,,
,,,,,,,,,,,,,,,,,,,,,,,,,,,,,,
,,,,,,,,,,,,,,,,,,,,,,,,,,,,,,
,,,,,,,,,,,,,,,,,,,,,,,,,,,,,,
,,,,,,,,,,,,,,,,,,,,,,,,,,,,,,
,,,,,,,,,,,,,,,,,,,,,,,,,,,,,,
,,,,,,,,,,,,,,,,,,,,,,,,,,,,,,
,,,,,,,,,,,,,,,,,,,,,,,,,,,,,,
,,,,,,,,,,,,,,,,,,,,,,,,,,,,,,
,,,,,,,,,,,,,,,,,,,,,,,,,,,,,,
,,,,,,,,,,,,,,,,,,,,,,,,,,,,,,
,,,,,,,,,,,,,,,,,,,,,,,,,,,,,,
,,,,,,,,,,,,,,,,,,,,,,,,,,,,,,
,,,,,,,,,,,,,,,,,,,,,,,,,,,,,,
,,,,,,,,,,,,,,,,,,,,,,,,,,,,,,
,,,,,,,,,,,,,,,,,,,,,,,,,,,,,,
,,,,,,,,,,,,,,,,,,,,,,,,,,,,,,
,,,,,,,,,,,,,,,,,,,,,,,,,,,,,,
,,,,,,,,,,,,,,,,,,,,,,,,,,,,,,
,,,,,,,,,,,,,,,,,,,,,,,,,,,,,,
,,,,,,,,,,,,,,,,,,,,,,,,,,,,,,
,,,,,,,,,,,,,,,,,,,,,,,,,,,,,,
,,,,,,,,,,,,,,,,,,,,,,,,,,,,,,
,,,,,,,,,,,,,,,,,,,,,,,,,,,,,,
,,,,,,,,,,,,,,,,,,,,,,,,,,,,,,
,,,,,,,,,,,,,,,,,,,,,,,,,,,,,,
,,,,,,,,,,,,,,,,,,,,,,,,,,,,,,
,,,,,,,,,,,,,,,,,,,,,,,,,,,,,,
,,,,,,,,,,,,,,,,,,,,,,,,,,,,,,
,,,,,,,,,,,,,,,,,,,,,,,,,,,,,,
,,,,,,,,,,,,,,,,,,,,,,,,,,,,,,
,,,,,,,,,,,,,,,,,,,,,,,,,,,,,,
,,,,,,,,,,,,,,,,,,,,,,,,,,,,,,
,,,,,,,,,,,,,,,,,,,,,,,,,,,,,,
,,,,,,,,,,,,,,,,,,,,,,,,,,,,,,
,,,,,,,,,,,,,,,,,,,,,,,,,,,,,,
,,,,,,,,,,,,,,,,,,,,,,,,,,,,,,
,,,,,,,,,,,,,,,,,,,,,,,,,,,,,,
,,,,,,,,,,,,,,,,,,,,,,,,,,,,,,
,,,,,,,,,,,,,,,,,,,,,,,,,,,,,,
,,,,,,,,,,,,,,,,,,,,,,,,,,,,,,
,,,,,,,,,,,,,,,,,,,,,,,,,,,,,,
,,,,,,,,,,,,,,,,,,,,,,,,,,,,,,
,,,,,,,,,,,,,,,,,,,,,,,,,,,,,,
,,,,,,,,,,,,,,,,,,,,,,,,,,,,,,
,,,,,,,,,,,,,,,,,,,,,,,,,,,,,,
,,,,,,,,,,,,,,,,,,,,,,,,,,,,,,
,,,,,,,,,,,,,,,,,,,,,,,,,,,,,,
,,,,,,,,,,,,,,,,,,,,,,,,,,,,,,
,,,,,,,,,,,,,,,,,,,,,,,,,,,,,,
,,,,,,,,,,,,,,,,,,,,,,,,,,,,,,
,,,,,,,,,,,,,,,,,,,,,,,,,,,,,,
,,,,,,,,,,,,,,,,,,,,,,,,,,,,,,
,,,,,,,,,,,,,,,,,,,,,,,,,,,,,,
,,,,,,,,,,,,,,,,,,,,,,,,,,,,,,
,,,,,,,,,,,,,,,,,,,,,,,,,,,,,,
,,,,,,,,,,,,,,,,,,,,,,,,,,,,,,
,,,,,,,,,,,,,,,,,,,,,,,,,,,,,,
,,,,,,,,,,,,,,,,,,,,,,,,,,,,,,
,,,,,,,,,,,,,,,,,,,,,,,,,,,,,,
,,,,,,,,,,,,,,,,,,,,,,,,,,,,,,
,,,,,,,,,,,,,,,,,,,,,,,,,,,,,,
,,,,,,,,,,,,,,,,,,,,,,,,,,,,,,
,,,,,,,,,,,,,,,,,,,,,,,,,,,,,,
,,,,,,,,,,,,,,,,,,,,,,,,,,,,,,
,,,,,,,,,,,,,,,,,,,,,,,,,,,,,,
,,,,,,,,,,,,,,,,,,,,,,,,,,,,,,
,,,,,,,,,,,,,,,,,,,,,,,,,,,,,,
,,,,,,,,,,,,,,,,,,,,,,,,,,,,,,
,,,,,,,,,,,,,,,,,,,,,,,,,,,,,,
,,,,,,,,,,,,,,,,,,,,,,,,,,,,,,
,,,,,,,,,,,,,,,,,,,,,,,,,,,,,,
,,,,,,,,,,,,,,,,,,,,,,,,,,,,,,
,,,,,,,,,,,,,,,,,,,,,,,,,,,,,,
,,,,,,,,,,,,,,,,,,,,,,,,,,,,,,
,,,,,,,,,,,,,,,,,,,,,,,,,,,,,,
,,,,,,,,,,,,,,,,,,,,,,,,,,,,,,
,,,,,,,,,,,,,,,,,,,,,,,,,,,,,,
,,,,,,,,,,,,,,,,,,,,,,,,,,,,,,
,,,,,,,,,,,,,,,,,,,,,,,,,,,,,,
,,,,,,,,,,,,,,,,,,,,,,,,,,,,,,
,,,,,,,,,,,,,,,,,,,,,,,,,,,,,,
,,,,,,,,,,,,,,,,,,,,,,,,,,,,,,
,,,,,,,,,,,,,,,,,,,,,,,,,,,,,,
,,,,,,,,,,,,,,,,,,,,,,,,,,,,,,
,,,,,,,,,,,,,,,,,,,,,,,,,,,,,,
,,,,,,,,,,,,,,,,,,,,,,,,,,,,,,
,,,,,,,,,,,,,,,,,,,,,,,,,,,,,,
,,,,,,,,,,,,,,,,,,,,,,,,,,,,,,
,,,,,,,,,,,,,,,,,,,,,,,,,,,,,,
,,,,,,,,,,,,,,,,,,,,,,,,,,,,,,
,,,,,,,,,,,,,,,,,,,,,,,,,,,,,,
,,,,,,,,,,,,,,,,,,,,,,,,,,,,,,
,,,,,,,,,,,,,,,,,,,,,,,,,,,,,,
,,,,,,,,,,,,,,,,,,,,,,,,,,,,,,
,,,,,,,,,,,,,,,,,,,,,,,,,,,,,,
,,,,,,,,,,,,,,,,,,,,,,,,,,,,,,
,,,,,,,,,,,,,,,,,,,,,,,,,,,,,,
,,,,,,,,,,,,,,,,,,,,,,,,,,,,,,
,,,,,,,,,,,,,,,,,,,,,,,,,,,,,,
,,,,,,,,,,,,,,,,,,,,,,,,,,,,,,
,,,,,,,,,,,,,,,,,,,,,,,,,,,,,,
,,,,,,,,,,,,,,,,,,,,,,,,,,,,,,
,,,,,,,,,,,,,,,,,,,,,,,,,,,,,,
,,,,,,,,,,,,,,,,,,,,,,,,,,,,,,
,,,,,,,,,,,,,,,,,,,,,,,,,,,,,,
,,,,,,,,,,,,,,,,,,,,,,,,,,,,,,
,,,,,,,,,,,,,,,,,,,,,,,,,,,,,,
,,,,,,,,,,,,,,,,,,,,,,,,,,,,,,
,,,,,,,,,,,,,,,,,,,,,,,,,,,,,,
,,,,,,,,,,,,,,,,,,,,,,,,,,,,,,
,,,,,,,,,,,,,,,,,,,,,,,,,,,,,,
,,,,,,,,,,,,,,,,,,,,,,,,,,,,,,
,,,,,,,,,,,,,,,,,,,,,,,,,,,,,,
,,,,,,,,,,,,,,,,,,,,,,,,,,,,,,
,,,,,,,,,,,,,,,,,,,,,,,,,,,,,,
,,,,,,,,,,,,,,,,,,,,,,,,,,,,,,
,,,,,,,,,,,,,,,,,,,,,,,,,,,,,,
,,,,,,,,,,,,,,,,,,,,,,,,,,,,,,
,,,,,,,,,,,,,,,,,,,,,,,,,,,,,,
,,,,,,,,,,,,,,,,,,,,,,,,,,,,,,
,,,,,,,,,,,,,,,,,,,,,,,,,,,,,,
,,,,,,,,,,,,,,,,,,,,,,,,,,,,,,
,,,,,,,,,,,,,,,,,,,,,,,,,,,,,,
,,,,,,,,,,,,,,,,,,,,,,,,,,,,,,
,,,,,,,,,,,,,,,,,,,,,,,,,,,,,,
,,,,,,,,,,,,,,,,,,,,,,,,,,,,,,
,,,,,,,,,,,,,,,,,,,,,,,,,,,,,,
,,,,,,,,,,,,,,,,,,,,,,,,,,,,,,
,,,,,,,,,,,,,,,,,,,,,,,,,,,,,,
,,,,,,,,,,,,,,,,,,,,,,,,,,,,,,
